A1,A2,A3,A4,A5,A6,A7,A8,A9,A10,A11,A12,A13,A14,A15,A16,A17,A18,A19,A20,A21,A22,A23,A24,B1,B2,B3,B4,B5,B6,B7,B8,B9,B10,B11,B12,B13,B14,B15,B16,B17,B18,B19,B20,B21,B22,B23,B24,C1,C2,C3,C4,C5,C6,C7,C8,C9,C10,C11,C12,C13,C14,C15,C16,C17,C18,C19,C20,C21,C22,C23,C24,D1,D2,D3,D4,D5,D6,D7,D8,D9,D10,D11,D12,D13,D14,D15,D16,D17,D18,D19,D20,D21,D22,D23,D24,E1,E2,E3,E4,E5,E6,E7,E8,E9,E10,E11,E12,E13,E14,E15,E16,E17,E18,E19,E20,E21,E22,E23,E24,F1,F2,F3,F4,F5,F6,F7,F8,F9,F10,F11,F12,F13,F14,F15,F16,F17,F18,F19,F20,F21,F22,F23,F24,G1,G2,G3,G4,G5,G6,G7,G8,G9,G10,G11,G12,G13,G14,G15,G16,G17,G18,G19,G20,G21,G22,G23,G24,H1,H2,H3,H4,H5,H6,H7,H8,H9,H10,H11,H12,H13,H14,H15,H16,H17,H18,H19,H20,H21,H22,H23,H24,I1,I2,I3,I4,I5,I6,I7,I8,I9,I10,I11,I12,I13,I14,I15,I16,I17,I18,I19,I20,I21,I22,I23,I24,J1,J2,J3,J4,J5,J6,J7,J8,J9,J10,J11,J12,J13,J14,J15,J16,J17,J18,J19,J20,J21,J22,J23,J24,K1,K2,K3,K4,K5,K6,K7,K8,K9,K10,K11,K12,K13,K14,K15,K16,K17,K18,K19,K20,K21,K22,K23,K24,L1,L2,L3,L4,L5,L6,L7,L8,L9,L10,L11,L12,L13,L14,L15,L16,L17,L18,L19,L20,L21,L22,L23,L24,M1,M2,M3,M4,M5,M6,M7,M8,M9,M10,M11,M12,M13,M14,M15,M16,M17,M18,M19,M20,M21,M22,M23,M24,N1,N2,N3,N4,N5,N6,N7,N8,N9,N10,N11,N12,N13,N14,N15,N16,N17,N18,N19,N20,N21,N22,N23,N24,O1,O2,O3,O4,O5,O6,O7,O8,O9,O10,O11,O12,O13,O14,O15,O16,O17,O18,O19,O20,O21,O22,O23,O24,P1,P2,P3,P4,P5,P6,P7,P8,P9,P10,P11,P12,P13,P14,P15,P16,P17,P18,P19,P20,P21,P22,P23,P24,Plate,Time
0.15244,0.16461,0.1623,0.16382,0.16577,0.17394,0.16242,0.15524,0.1538,0.15094,0.17245,0.16585,0.1692,0.16562,0.16796,0.1604,0.15218,0.15264,0.15434,0.14891,0.15281,0.15177,0.24465,0.24056,0.16519,0.16887,0.17775,0.171,0.16052,0.1564,0.17,0.14841,0.16572,0.16322,0.16459,0.15731,0.17113,0.16869,0.16605,0.1595,0.16221,0.16078,0.14964,0.15307,0.15934,0.15981,0.23448,0.25458,0.1612,0.16482,0.17084,0.16912,0.17071,0.15876,0.16796,0.16551,0.16211,0.16953,0.16973,0.16544,0.17142,0.18246,0.17126,0.16575,0.16479,0.15712,0.16273,0.15974,0.16683,0.15943,0.24007,0.25055,0.17904,0.16836,0.17114,0.16629,0.15632,0.17169,0.16424,0.16881,0.15176,0.18441,0.16332,0.16238,0.20118,0.17148,0.19563,0.16508,0.1523,0.13609,0.16717,0.16532,0.16325,0.17101,0.24394,0.23897,0.1779,0.17386,0.15004,0.16892,0.1595,0.16396,0.17753,0.18661,0.16555,0.16655,0.16729,0.18524,0.16511,0.17845,0.18331,0.16061,0.1697,0.16787,0.1677,0.17044,0.18632,0.16258,0.2435,0.25805,0.1695,0.17535,0.18658,0.1843,0.15492,0.16777,0.17948,0.18439,0.16433,0.17382,0.17549,0.17495,0.16473,0.17624,0.17266,0.16891,0.18457,0.1673,0.1649,0.16164,0.17375,0.17588,0.25672,0.24579,0.17347,0.18154,0.22494,0.19299,0.18042,0.16868,0.16408,0.15614,0.1768,0.16276,0.16594,0.17035,0.17546,0.17514,0.17058,0.17088,0.17924,0.17302,0.16624,0.17133,0.17234,0.17269,0.25408,0.25068,0.15575,0.18015,0.18944,0.1863,0.18506,0.1863,0.17485,0.17613,0.16629,0.17593,0.17095,0.17888,0.1629,0.16081,0.16878,0.17885,0.17769,0.16607,0.16541,0.21338,0.17838,0.18083,0.2428,0.23821,0.17899,0.18113,0.19249,0.18637,0.18972,0.18968,0.17392,0.1649,0.18014,0.17522,0.17098,0.17207,0.15309,0.18151,0.17408,0.18586,0.17019,0.19074,0.16985,0.19068,0.17452,0.18268,0.24147,0.23075,0.17317,0.18339,0.18279,0.18714,0.16863,0.17482,0.17022,0.1688,0.17015,0.1657,0.16881,0.16706,0.16137,0.17122,0.16329,0.17844,0.16148,0.19948,0.1893,0.1675,0.17468,0.18018,0.25279,0.239,0.17463,0.18787,0.18348,0.18998,0.19532,0.18935,0.18186,0.18337,0.18431,0.19299,0.17643,0.17971,0.17715,0.18544,0.17629,0.18486,0.16889,0.18897,0.17284,0.16286,0.17611,0.16706,0.25353,0.23023,0.1744,0.18721,0.18721,0.18155,0.1944,0.18379,0.18086,0.18105,0.18402,0.17347,0.18027,0.17523,0.18107,0.18883,0.18628,0.17697,0.18066,0.17854,0.17746,0.18407,0.17614,0.19793,0.26337,0.22929,0.17904,0.17648,0.17522,0.17501,0.18029,0.18615,0.1795,0.18324,0.17074,0.17388,0.17998,0.17832,0.16482,0.18302,0.1942,0.18344,0.1863,0.17961,0.18516,0.18901,0.18938,0.18595,0.26227,0.23526,0.18205,0.17637,0.32902,0.18464,0.17139,0.17833,0.17718,0.17389,0.17963,0.16699,0.17645,0.18294,0.18677,0.19224,0.18082,0.19612,0.18342,0.18726,0.19088,0.18297,0.18803,0.19437,0.2537,0.23643,0.1804,0.17044,0.19552,0.17722,0.19222,0.18233,0.1782,0.17862,0.17812,0.18328,0.18637,0.18252,0.18434,0.20813,0.1906,0.21576,0.19032,0.19388,0.1866,0.18951,0.18864,0.18236,0.25916,0.24181,0.16257,0.18272,0.18646,0.17764,0.17218,0.1728,0.18515,0.18433,0.17647,0.17261,0.17132,0.17687,0.17404,0.16742,0.17337,0.17439,0.1646,0.16843,0.16355,0.16045,0.16272,0.17059,0.24278,0.2472,Platemb18,10
0.16063,0.17196,0.16792,0.16727,0.17387,0.18345,0.16761,0.15954,0.15875,0.15583,0.18109,0.16839,0.17589,0.17119,0.17483,0.16658,0.15625,0.15526,0.15935,0.15223,0.15673,0.15468,0.28811,0.28052,0.17235,0.17641,0.18723,0.17813,0.16639,0.16117,0.1781,0.15009,0.17205,0.16936,0.17229,0.16193,0.18025,0.1748,0.17207,0.16475,0.16729,0.16511,0.152,0.15768,0.16307,0.16245,0.27159,0.2995,0.16741,0.17102,0.17771,0.17526,0.17941,0.16034,0.17342,0.17161,0.16813,0.17565,0.17636,0.17212,0.17976,0.18,0.17771,0.1725,0.16997,0.16141,0.16759,0.16426,0.16414,0.16488,0.27749,0.29429,0.18663,0.17284,0.17871,0.17278,0.15976,0.17969,0.17022,0.17539,0.15458,0.20342,0.16932,0.16776,0.21227,0.17897,0.21528,0.17125,0.15474,0.13739,0.17167,0.17033,0.16866,0.17697,0.28429,0.27975,0.18542,0.1762,0.14921,0.17538,0.16857,0.16959,0.18408,0.19264,0.17267,0.17275,0.17406,0.19029,0.17116,0.19303,0.1905,0.1651,0.17754,0.17387,0.17316,0.17738,0.19287,0.16606,0.28432,0.3054,0.17478,0.18086,0.1931,0.18992,0.15867,0.17334,0.18644,0.19172,0.16909,0.17956,0.18507,0.18115,0.17054,0.18284,0.17801,0.17433,0.19734,0.17303,0.17044,0.16663,0.17845,0.18499,0.30133,0.28833,0.18339,0.18882,0.23669,0.20032,0.18664,0.17251,0.16946,0.15883,0.18267,0.16625,0.17159,0.17651,0.18096,0.18312,0.17666,0.1766,0.18511,0.18026,0.17139,0.17478,0.17725,0.17745,0.29831,0.29378,0.16229,0.18635,0.19579,0.19304,0.19116,0.19509,0.18165,0.18577,0.17213,0.18487,0.17662,0.18595,0.16789,0.16462,0.17495,0.18547,0.18473,0.17026,0.17085,0.22086,0.1841,0.18853,0.28513,0.27685,0.18537,0.1876,0.2005,0.19305,0.18281,0.19974,0.18053,0.16982,0.18649,0.18102,0.17572,0.17932,0.15287,0.18762,0.18039,0.16343,0.17684,0.19934,0.17499,0.19741,0.1801,0.18944,0.28139,0.26746,0.1795,0.189,0.18868,0.1928,0.17142,0.17936,0.17599,0.17384,0.17598,0.1711,0.17531,0.17376,0.16525,0.17698,0.16931,0.18384,0.16446,0.20462,0.20228,0.1724,0.18047,0.18689,0.2965,0.27875,0.18081,0.1944,0.18774,0.19633,0.20286,0.19708,0.18812,0.1889,0.1914,0.20635,0.18258,0.18592,0.18232,0.1937,0.1835,0.19058,0.17297,0.19783,0.1784,0.16581,0.18124,0.17162,0.29831,0.26732,0.1796,0.19362,0.19356,0.18735,0.1959,0.18897,0.18701,0.18651,0.19067,0.17813,0.18631,0.18087,0.18705,0.19698,0.1914,0.18293,0.18547,0.18431,0.18304,0.18797,0.18568,0.20456,0.30909,0.26597,0.18747,0.18255,0.18069,0.1815,0.18655,0.19178,0.18483,0.18961,0.17536,0.17928,0.18572,0.18179,0.1685,0.18948,0.20012,0.18903,0.19163,0.18465,0.18944,0.19441,0.19445,0.19017,0.3039,0.27441,0.18881,0.18257,0.41704,0.19003,0.17571,0.18388,0.18222,0.17976,0.18668,0.1698,0.1805,0.19206,0.19124,0.19826,0.1859,0.20322,0.18796,0.19428,0.19709,0.18852,0.1928,0.19881,0.29153,0.26999,0.18614,0.17846,0.20165,0.18439,0.19915,0.18974,0.18417,0.18445,0.1834,0.18705,0.1889,0.18687,0.1896,0.21371,0.19582,0.22212,0.19509,0.19545,0.19069,0.19227,0.19405,0.18617,0.29348,0.27745,0.16926,0.188,0.18978,0.18281,0.17683,0.17784,0.19237,0.18919,0.18089,0.17723,0.1767,0.18215,0.1789,0.17306,0.17869,0.18016,0.16944,0.17191,0.16881,0.16562,0.1685,0.17471,0.28065,0.28623,Platemb18,11
0.17137,0.18349,0.17753,0.17364,0.18434,0.19663,0.1758,0.16657,0.16391,0.16083,0.18913,0.17224,0.18074,0.17662,0.18464,0.17426,0.1616,0.15812,0.16583,0.15768,0.16427,0.1606,0.34735,0.33709,0.18539,0.18571,0.19769,0.18683,0.17435,0.16858,0.18976,0.153,0.17995,0.17688,0.18267,0.16735,0.19269,0.18308,0.18061,0.17143,0.17331,0.17015,0.15601,0.16261,0.16975,0.16725,0.32371,0.35706,0.17602,0.17906,0.18542,0.18369,0.19131,0.16438,0.18033,0.17888,0.17518,0.18253,0.18537,0.18121,0.19098,0.18959,0.18624,0.18027,0.17673,0.16744,0.17464,0.17066,0.17356,0.17156,0.3293,0.35176,0.19928,0.17973,0.18781,0.18088,0.16434,0.18556,0.17753,0.18394,0.15813,0.22981,0.17776,0.17902,0.22689,0.18969,0.2425,0.18055,0.15733,0.13951,0.17684,0.1761,0.17383,0.1796,0.33754,0.33265,0.19796,0.18575,0.15135,0.18316,0.18072,0.1762,0.19234,0.19867,0.18021,0.17971,0.18224,0.1973,0.17864,0.19198,0.19971,0.17016,0.18757,0.18049,0.1801,0.18501,0.20318,0.17077,0.33456,0.36342,0.18479,0.18873,0.20256,0.19964,0.16339,0.18114,0.19519,0.20158,0.17606,0.18762,0.19863,0.18939,0.17736,0.19003,0.18631,0.18154,0.21122,0.17921,0.17632,0.17206,0.18308,0.18769,0.3589,0.34381,0.19596,0.19861,0.24986,0.21067,0.19539,0.17766,0.17741,0.16336,0.19051,0.17009,0.17807,0.18362,0.1876,0.19083,0.18388,0.18307,0.19139,0.18833,0.17745,0.179,0.18349,0.1831,0.35427,0.34903,0.17272,0.19502,0.20528,0.20181,0.1998,0.20699,0.19159,0.19782,0.17947,0.19593,0.18446,0.19269,0.17401,0.1696,0.18096,0.1924,0.19427,0.17629,0.176,0.23729,0.19162,0.19619,0.33339,0.32644,0.19664,0.19549,0.21318,0.20153,0.19158,0.21229,0.18874,0.17555,0.19534,0.18935,0.18293,0.18807,0.15637,0.19491,0.188,0.167,0.18279,0.20958,0.18137,0.20134,0.18562,0.19587,0.33039,0.31275,0.19013,0.19752,0.19751,0.20206,0.17595,0.18541,0.18314,0.18114,0.18338,0.17729,0.18319,0.18104,0.17033,0.18356,0.17606,0.18984,0.16871,0.21469,0.21362,0.17789,0.18633,0.19265,0.35503,0.32856,0.19233,0.20304,0.19611,0.20515,0.21318,0.20744,0.1964,0.19315,0.19983,0.22383,0.18966,0.19382,0.18862,0.20443,0.19086,0.19662,0.17873,0.21149,0.18459,0.16931,0.18676,0.17597,0.35129,0.31433,0.19038,0.20228,0.20225,0.19555,0.20292,0.19738,0.19405,0.19384,0.19849,0.18297,0.19353,0.18961,0.19422,0.20692,0.1972,0.18992,0.19138,0.19172,0.1895,0.19031,0.19288,0.21109,0.36784,0.31301,0.19582,0.19058,0.18717,0.18461,0.19372,0.20015,0.192,0.19622,0.18156,0.1869,0.19286,0.18868,0.17175,0.19553,0.20703,0.19578,0.19766,0.19072,0.19497,0.19997,0.19904,0.19583,0.3568,0.32626,0.19734,0.18919,0.54073,0.19852,0.18057,0.18989,0.18751,0.18527,0.19497,0.17399,0.18567,0.19981,0.19935,0.20453,0.19184,0.20984,0.1924,0.20133,0.20462,0.19312,0.19699,0.20213,0.33848,0.31554,0.19268,0.18321,0.20819,0.19101,0.20755,0.19556,0.1905,0.19046,0.18874,0.19258,0.19484,0.19067,0.19418,0.21924,0.20134,0.22349,0.201,0.20979,0.19484,0.19637,0.19869,0.18856,0.33899,0.32397,0.17783,0.19399,0.19308,0.18795,0.18185,0.18168,0.20098,0.19359,0.18448,0.17959,0.18045,0.18681,0.18329,0.17641,0.18321,0.18537,0.17335,0.17589,0.17286,0.1708,0.17207,0.1778,0.32451,0.3305,Platemb18,12
0.18122,0.19332,0.18462,0.17821,0.1947,0.21131,0.18294,0.17256,0.16867,0.1654,0.19824,0.17836,0.18768,0.1844,0.19592,0.18225,0.1677,0.16239,0.17215,0.16189,0.16851,0.16371,0.41795,0.40366,0.19116,0.19505,0.20698,0.19389,0.18086,0.17349,0.19978,0.15395,0.18809,0.18403,0.19065,0.17075,0.20616,0.1909,0.1878,0.17855,0.17935,0.1756,0.16041,0.16784,0.17516,0.17355,0.38762,0.42678,0.18752,0.18816,0.19266,0.19228,0.20426,0.16869,0.18932,0.18661,0.18259,0.18994,0.19411,0.18684,0.20375,0.19504,0.19574,0.18883,0.18385,0.1732,0.18125,0.17643,0.17886,0.17778,0.3917,0.42354,0.20622,0.18485,0.1974,0.18895,0.16614,0.19281,0.18315,0.19144,0.1601,0.26125,0.18471,0.18083,0.23375,0.19853,0.27544,0.19106,0.16047,0.14105,0.18205,0.18249,0.18026,0.18616,0.40391,0.39861,0.20435,0.19394,0.1508,0.19139,0.19779,0.18478,0.20159,0.20502,0.18824,0.18779,0.19122,0.20472,0.18643,0.20164,0.21036,0.17518,0.19861,0.18748,0.18708,0.1944,0.21203,0.17579,0.40064,0.43537,0.19244,0.19521,0.21069,0.20526,0.16752,0.1886,0.20344,0.21081,0.182,0.19461,0.21359,0.19667,0.18377,0.19748,0.19317,0.18839,0.228,0.18627,0.18213,0.17794,0.18891,0.19671,0.43138,0.41413,0.20487,0.20728,0.25677,0.21996,0.20409,0.18297,0.18626,0.16689,0.19879,0.17433,0.18643,0.19167,0.19488,0.20054,0.19234,0.18993,0.19827,0.19728,0.18478,0.18469,0.18964,0.18921,0.42536,0.42145,0.18149,0.20076,0.21347,0.20965,0.20675,0.21835,0.19884,0.2098,0.18737,0.20863,0.1905,0.20055,0.17906,0.17449,0.18687,0.19935,0.2052,0.182,0.18269,0.25714,0.1999,0.20499,0.39881,0.38978,0.20619,0.20252,0.22505,0.20955,0.19907,0.22636,0.1972,0.18072,0.20356,0.19882,0.18927,0.19662,0.15905,0.20298,0.19615,0.17096,0.19067,0.22059,0.18817,0.21371,0.19348,0.20435,0.39612,0.37297,0.1973,0.20466,0.20439,0.20881,0.17907,0.18983,0.1889,0.18707,0.19027,0.18428,0.19145,0.18921,0.17452,0.18984,0.18492,0.19647,0.17195,0.22383,0.22274,0.1824,0.19292,0.19678,0.42392,0.39427,0.20152,0.21125,0.20158,0.21251,0.22189,0.21671,0.20444,0.19831,0.20763,0.24602,0.19727,0.20344,0.19368,0.21623,0.19893,0.20441,0.1846,0.22645,0.19192,0.1725,0.19341,0.18353,0.42384,0.37585,0.1956,0.21,0.21017,0.20286,0.20964,0.20474,0.2017,0.20213,0.20701,0.189,0.20161,0.20013,0.2021,0.22129,0.20333,0.19758,0.19681,0.19925,0.19671,0.19638,0.20547,0.21916,0.43774,0.37492,0.20078,0.19959,0.19248,0.1883,0.20017,0.20892,0.19952,0.20398,0.18839,0.19343,0.20057,0.19752,0.17633,0.20256,0.21491,0.20301,0.20464,0.19771,0.20332,0.20831,0.20694,0.2012,0.42533,0.39394,0.20268,0.19746,0.69565,0.20094,0.18547,0.19682,0.19304,0.19182,0.20389,0.1773,0.19342,0.20169,0.20517,0.21196,0.19781,0.21913,0.19751,0.21072,0.21305,0.19979,0.20355,0.20887,0.39773,0.37109,0.19827,0.192,0.21403,0.19792,0.21493,0.2012,0.19789,0.19761,0.19429,0.19636,0.20197,0.19559,0.19983,0.22517,0.20701,0.22459,0.20712,0.20744,0.20026,0.20168,0.20447,0.19298,0.39672,0.38482,0.18146,0.20049,0.19685,0.19461,0.18807,0.18687,0.20892,0.19946,0.18881,0.18355,0.18672,0.19187,0.18846,0.17981,0.18884,0.19092,0.17815,0.17971,0.17729,0.1736,0.17648,0.18256,0.38257,0.39151,Platemb18,13
0.19644,0.20858,0.19514,0.18392,0.20793,0.23163,0.19302,0.17949,0.17313,0.16989,0.2096,0.18414,0.194,0.19332,0.21025,0.19352,0.17526,0.1654,0.17947,0.16723,0.17598,0.16944,0.50891,0.48834,0.20651,0.20847,0.21981,0.20493,0.19207,0.18192,0.21453,0.15642,0.19927,0.19398,0.20393,0.17794,0.22668,0.20119,0.19778,0.18691,0.18635,0.18193,0.16391,0.1744,0.18224,0.17809,0.46789,0.51494,0.20073,0.19964,0.20215,0.20319,0.22147,0.17286,0.1986,0.19561,0.19156,0.19939,0.20547,0.19688,0.22065,0.21538,0.20788,0.20046,0.19356,0.18117,0.18886,0.1835,0.18632,0.18756,0.47091,0.51088,0.22222,0.19546,0.21238,0.20164,0.16998,0.20332,0.19205,0.20304,0.16306,0.30583,0.19541,0.19157,0.25389,0.2134,0.31823,0.20377,0.16242,0.14461,0.18712,0.19136,0.18858,0.19044,0.48714,0.48104,0.21953,0.20131,0.15173,0.20301,0.2193,0.19496,0.21335,0.21282,0.19847,0.19749,0.20211,0.21496,0.19623,0.21159,0.22333,0.18088,0.2129,0.19618,0.19614,0.2062,0.18721,0.18097,0.48184,0.52727,0.20529,0.20575,0.22348,0.21766,0.17509,0.20013,0.21701,0.22381,0.19034,0.20386,0.23378,0.20764,0.19352,0.2089,0.20379,0.19761,0.24876,0.19518,0.19044,0.18677,0.19796,0.20723,0.52192,0.50081,0.21945,0.22054,0.26977,0.23314,0.217,0.1891,0.19708,0.17215,0.20962,0.17891,0.19518,0.20158,0.20335,0.2105,0.20293,0.19814,0.20712,0.20897,0.19298,0.19019,0.19856,0.19751,0.51134,0.5098,0.19332,0.21144,0.22607,0.22194,0.21734,0.23419,0.20948,0.22497,0.19726,0.2253,0.20097,0.21039,0.18651,0.18081,0.19689,0.20574,0.22013,0.19128,0.19118,0.26279,0.21067,0.21515,0.48178,0.47094,0.21657,0.21323,0.24292,0.22066,0.20494,0.24336,0.20822,0.18722,0.21558,0.21094,0.19891,0.20866,0.16,0.21361,0.20726,0.17689,0.20037,0.2352,0.19726,0.22376,0.20301,0.21605,0.47824,0.44754,0.20947,0.21426,0.21419,0.21971,0.18182,0.19611,0.19664,0.19511,0.2004,0.19232,0.20261,0.19959,0.1806,0.20085,0.19683,0.2052,0.17642,0.23634,0.22935,0.18987,0.20269,0.20735,0.5134,0.47499,0.21276,0.22428,0.21052,0.22224,0.23558,0.22996,0.21515,0.20593,0.21941,0.27704,0.20611,0.21433,0.20066,0.23204,0.21015,0.21522,0.18964,0.24503,0.20045,0.17615,0.20246,0.18973,0.50473,0.45164,0.20833,0.22049,0.22077,0.21245,0.22501,0.21555,0.21174,0.21179,0.21769,0.19549,0.21224,0.21482,0.21285,0.23212,0.21167,0.20743,0.20569,0.20881,0.20576,0.20675,0.21959,0.21345,0.52983,0.44923,0.21367,0.2099,0.20068,0.19704,0.20927,0.22027,0.21035,0.21418,0.19668,0.2032,0.21136,0.20761,0.18036,0.21202,0.22548,0.21127,0.2121,0.20604,0.21118,0.21707,0.21495,0.20708,0.50731,0.47581,0.21307,0.20637,0.867,0.20882,0.19194,0.20566,0.2009,0.19931,0.21762,0.18179,0.2004,0.20884,0.21665,0.2211,0.20626,0.22857,0.20407,0.22045,0.22388,0.20709,0.20959,0.21375,0.47786,0.4376,0.2084,0.20044,0.22269,0.20675,0.22513,0.20844,0.20956,0.20726,0.203,0.20533,0.21055,0.20233,0.2068,0.23149,0.21538,0.2376,0.21525,0.21663,0.20685,0.20744,0.21072,0.19652,0.47089,0.46032,0.1938,0.21006,0.20258,0.20293,0.19692,0.19434,0.2199,0.20909,0.19608,0.19066,0.19584,0.20031,0.19643,0.1867,0.19568,0.20008,0.18467,0.18578,0.18338,0.17969,0.18425,0.1877,0.45626,0.46636,Platemb18,14
0.21557,0.22795,0.20815,0.19178,0.22492,0.25651,0.20403,0.1879,0.18011,0.17766,0.22588,0.19367,0.20314,0.20591,0.22938,0.20788,0.1849,0.1701,0.18937,0.17358,0.18489,0.17549,0.61557,0.59017,0.22112,0.22504,0.23413,0.21765,0.20408,0.19172,0.23267,0.15792,0.21262,0.20648,0.21919,0.18519,0.25222,0.21462,0.21131,0.19787,0.19636,0.19032,0.16928,0.18254,0.19121,0.18562,0.56666,0.61861,0.21722,0.2153,0.21299,0.21816,0.24431,0.17744,0.21096,0.20805,0.20443,0.21236,0.21985,0.21057,0.2437,0.22153,0.22353,0.21549,0.20434,0.19072,0.1999,0.19476,0.18686,0.19797,0.56442,0.61972,0.2387,0.20748,0.22977,0.21522,0.17378,0.21776,0.20222,0.21604,0.16612,0.36173,0.20799,0.20219,0.27064,0.23119,0.37006,0.22074,0.16645,0.14844,0.19585,0.20164,0.19956,0.204,0.58846,0.58347,0.22848,0.21625,0.14971,0.21827,0.24811,0.20746,0.22771,0.22215,0.21108,0.21109,0.21757,0.2271,0.20962,0.22711,0.24174,0.18846,0.23271,0.20867,0.20849,0.22137,0.19678,0.18869,0.58191,0.63474,0.22028,0.21868,0.23945,0.23058,0.17848,0.21388,0.23215,0.23823,0.20058,0.21663,0.26095,0.22161,0.20514,0.22153,0.21635,0.20856,0.27333,0.20658,0.2006,0.19677,0.20813,0.22064,0.62908,0.60298,0.23805,0.2391,0.28643,0.25183,0.23371,0.19605,0.20981,0.17775,0.22359,0.18403,0.20761,0.21508,0.21533,0.2251,0.21645,0.20897,0.21977,0.22408,0.20436,0.19808,0.20927,0.20848,0.619,0.61818,0.20945,0.22408,0.24175,0.23689,0.23108,0.25465,0.22225,0.244,0.21014,0.24821,0.21239,0.2217,0.19552,0.18915,0.20787,0.21663,0.23915,0.20067,0.20022,0.29606,0.22382,0.227,0.58203,0.56563,0.23069,0.22596,0.26532,0.23253,0.21584,0.26379,0.2226,0.19466,0.22907,0.22583,0.21111,0.22439,0.15714,0.22664,0.21968,0.18228,0.21329,0.25074,0.2077,0.17791,0.21469,0.22978,0.57623,0.53971,0.22355,0.22705,0.22572,0.2324,0.18636,0.20471,0.20665,0.20546,0.21287,0.20305,0.21675,0.21321,0.18646,0.2092,0.21013,0.21557,0.1808,0.25186,0.24934,0.19757,0.21326,0.21382,0.61937,0.57613,0.22839,0.23869,0.22001,0.23476,0.25218,0.24643,0.22845,0.21403,0.23304,0.31589,0.21694,0.22889,0.20793,0.25154,0.22464,0.22967,0.19665,0.26891,0.20953,0.17934,0.21167,0.19869,0.60744,0.54232,0.22189,0.234,0.23485,0.22509,0.23519,0.22836,0.22506,0.22393,0.23116,0.2034,0.22564,0.23164,0.2247,0.24866,0.22126,0.21994,0.21397,0.21922,0.2167,0.21311,0.23665,0.22322,0.63896,0.54085,0.22719,0.22413,0.20914,0.20273,0.21885,0.23476,0.22357,0.22731,0.20646,0.2142,0.22299,0.22168,0.18588,0.22294,0.23659,0.22181,0.22212,0.21579,0.22055,0.22814,0.22402,0.21391,0.61182,0.57697,0.22819,0.21933,1.052,0.21654,0.19796,0.21665,0.20903,0.20855,0.2325,0.18751,0.20793,0.21778,0.22817,0.23007,0.21521,0.23852,0.21013,0.23331,0.23662,0.21779,0.21777,0.2214,0.56282,0.51341,0.21993,0.21234,0.23394,0.2188,0.237,0.21767,0.21953,0.21884,0.21072,0.21388,0.22035,0.20867,0.21557,0.24053,0.22416,0.24366,0.22411,0.22318,0.21398,0.21347,0.21976,0.20121,0.55884,0.54976,0.20432,0.2232,0.20941,0.21426,0.2087,0.20386,0.23398,0.21724,0.20338,0.19725,0.20373,0.20955,0.20404,0.19311,0.2052,0.20803,0.19068,0.19286,0.19036,0.18508,0.19012,0.19342,0.5435,0.55877,Platemb18,15
0.24417,0.25643,0.22901,0.20421,0.25024,0.29362,0.22279,0.20241,0.19138,0.18835,0.24804,0.20588,0.21449,0.22296,0.25451,0.22507,0.19681,0.17467,0.20371,0.18303,0.19753,0.18497,0.7418,0.70916,0.24716,0.24904,0.25501,0.23542,0.22258,0.20687,0.25927,0.16257,0.23212,0.22361,0.24091,0.19589,0.28835,0.23491,0.23022,0.21463,0.20906,0.20162,0.17705,0.19429,0.20406,0.1976,0.68143,0.74412,0.24231,0.23531,0.22764,0.23792,0.27658,0.18379,0.22822,0.22511,0.22058,0.22882,0.24011,0.2291,0.27669,0.24111,0.2448,0.23525,0.22151,0.20342,0.21442,0.20677,0.20601,0.21328,0.67945,0.74512,0.26511,0.22636,0.2555,0.23689,0.1796,0.23496,0.21702,0.23422,0.17025,0.43602,0.2268,0.21767,0.29365,0.25725,0.43444,0.2427,0.17,0.15381,0.20465,0.215,0.21302,0.21464,0.70575,0.70176,0.26154,0.23186,0.15085,0.23824,0.28589,0.22461,0.24834,0.22917,0.22632,0.22821,0.23773,0.24317,0.22821,0.24647,0.26356,0.19844,0.25948,0.22426,0.22466,0.23945,0.20668,0.19619,0.69566,0.75667,0.24248,0.23735,0.26243,0.24688,0.18787,0.2349,0.25534,0.25759,0.21406,0.23456,0.29836,0.2405,0.221,0.24286,0.23372,0.22431,0.30549,0.22248,0.21454,0.20936,0.22069,0.23861,0.75721,0.7291,0.26785,0.2631,0.30803,0.27527,0.25653,0.20617,0.22825,0.18501,0.24314,0.19135,0.22464,0.23206,0.23034,0.24339,0.23411,0.22256,0.23425,0.24273,0.21932,0.20594,0.22309,0.22055,0.73893,0.74193,0.23168,0.24283,0.26349,0.25682,0.25059,0.2828,0.23955,0.26418,0.22804,0.27847,0.22895,0.23626,0.20742,0.19918,0.22253,0.22542,0.26494,0.21474,0.21379,0.30205,0.24162,0.24404,0.70515,0.68122,0.26336,0.24266,0.29864,0.25333,0.2321,0.29024,0.24273,0.20409,0.24911,0.24543,0.22822,0.24498,0.15666,0.24459,0.2362,0.19034,0.22852,0.27025,0.22205,0.18364,0.22974,0.24732,0.68639,0.6441,0.24528,0.24541,0.24462,0.25361,0.19354,0.21596,0.22138,0.21968,0.23024,0.2176,0.23599,0.23198,0.19571,0.22487,0.22736,0.23002,0.18667,0.27368,0.27187,0.20825,0.22829,0.22827,0.74595,0.69259,0.25026,0.26022,0.23599,0.25372,0.27627,0.27041,0.24798,0.22702,0.25221,0.36867,0.23154,0.24976,0.21782,0.27793,0.24087,0.24522,0.20772,0.3005,0.22373,0.18452,0.22446,0.20909,0.72585,0.65098,0.2409,0.25591,0.25516,0.24405,0.25199,0.24728,0.24309,0.24089,0.25045,0.21397,0.24335,0.25705,0.24331,0.27314,0.23451,0.2359,0.22656,0.23489,0.2328,0.22909,0.26237,0.23785,0.7688,0.64996,0.24729,0.24485,0.22337,0.21353,0.23357,0.25343,0.24222,0.24543,0.22025,0.23159,0.24176,0.23832,0.19433,0.23847,0.25322,0.23589,0.23457,0.22906,0.23414,0.24321,0.23657,0.22323,0.72558,0.69352,0.24572,0.2364,1.2157,0.23187,0.20634,0.23184,0.22107,0.22331,0.25236,0.19491,0.22038,0.23097,0.24525,0.24587,0.22887,0.23341,0.21944,0.25062,0.25459,0.23122,0.22914,0.23116,0.67389,0.60395,0.23649,0.22831,0.25018,0.23518,0.25344,0.2305,0.23767,0.23481,0.22249,0.22677,0.23711,0.21807,0.22662,0.2545,0.23726,0.25888,0.23643,0.23656,0.22463,0.22167,0.23094,0.20769,0.66341,0.65726,0.22007,0.23815,0.21995,0.22788,0.22355,0.21509,0.25139,0.22726,0.21358,0.20638,0.21624,0.22103,0.21485,0.20178,0.21549,0.22117,0.2004,0.20042,0.20103,0.19437,0.20023,0.20236,0.65057,0.67278,Platemb18,16
0.27924,0.29169,0.25493,0.21844,0.28068,0.34139,0.24601,0.22039,0.20264,0.1992,0.27387,0.21975,0.22609,0.24283,0.28681,0.24865,0.21255,0.18107,0.21986,0.19393,0.21316,0.19539,0.87355,0.83953,0.28003,0.28166,0.28168,0.23423,0.24734,0.2272,0.29288,0.16734,0.2574,0.24667,0.26728,0.20838,0.33156,0.25817,0.25328,0.23382,0.22584,0.21591,0.18429,0.20747,0.21713,0.20834,0.81027,0.8778,0.27479,0.2643,0.2467,0.26352,0.31736,0.1922,0.25013,0.24649,0.24204,0.25096,0.26407,0.25402,0.31503,0.2613,0.27152,0.26168,0.24024,0.22144,0.23258,0.22357,0.21978,0.23315,0.80265,0.87821,0.29986,0.24989,0.28798,0.26215,0.18557,0.25892,0.23675,0.25942,0.17456,0.5304,0.24959,0.23829,0.31878,0.28754,0.50783,0.27126,0.17483,0.1583,0.21539,0.23224,0.2302,0.22499,0.83487,0.83546,0.28338,0.25456,0.15284,0.26495,0.33573,0.24946,0.27613,0.2398,0.23891,0.25215,0.26461,0.26525,0.25224,0.27539,0.29566,0.21154,0.29409,0.24414,0.24519,0.26649,0.22195,0.20752,0.824,0.89629,0.27496,0.26178,0.29165,0.27473,0.19951,0.26327,0.28436,0.27907,0.23166,0.25653,0.34355,0.26358,0.2421,0.26532,0.25676,0.24434,0.34452,0.24162,0.2314,0.22667,0.23773,0.27309,0.89156,0.86772,0.30163,0.29579,0.32977,0.30666,0.28692,0.2197,0.25293,0.19529,0.26929,0.20019,0.24657,0.25663,0.2528,0.27011,0.25901,0.24208,0.25413,0.26636,0.23815,0.21857,0.24157,0.23939,0.87517,0.87895,0.26264,0.26476,0.29289,0.28498,0.27589,0.31871,0.26062,0.29036,0.2505,0.31843,0.25017,0.25585,0.22311,0.21348,0.24268,0.23789,0.29627,0.23219,0.23095,0.35192,0.26428,0.26399,0.82606,0.80748,0.28257,0.26775,0.34099,0.27835,0.25219,0.32272,0.26979,0.21982,0.2741,0.27415,0.2474,0.27312,0.16014,0.26984,0.25866,0.20052,0.2513,0.29688,0.24175,0.19296,0.24998,0.27226,0.81072,0.7653,0.27403,0.27031,0.26818,0.27868,0.20122,0.23117,0.23951,0.23914,0.25354,0.2363,0.2608,0.25532,0.20642,0.24242,0.25108,0.24864,0.19535,0.29894,0.29654,0.22138,0.24874,0.24469,0.88282,0.81911,0.28185,0.28913,0.25549,0.27923,0.30645,0.30161,0.27411,0.24336,0.27719,0.43434,0.24999,0.27695,0.22998,0.31233,0.26797,0.26975,0.22112,0.34358,0.24353,0.19003,0.24202,0.2237,0.85879,0.77505,0.26858,0.28088,0.28176,0.2686,0.27421,0.27306,0.26837,0.26568,0.27503,0.2301,0.26798,0.28833,0.26523,0.30841,0.25203,0.25861,0.24279,0.25431,0.25249,0.24863,0.2904,0.25317,0.90529,0.7782,0.27116,0.26903,0.2403,0.22944,0.25129,0.28166,0.26397,0.2684,0.23869,0.25381,0.26451,0.26369,0.20731,0.25883,0.27366,0.25395,0.25188,0.24796,0.25304,0.26304,0.2532,0.23529,0.85392,0.82142,0.27303,0.26081,1.3222,0.24892,0.21614,0.25245,0.2372,0.24029,0.27883,0.20606,0.23535,0.25164,0.26961,0.26431,0.24658,0.2469,0.23091,0.26972,0.27958,0.24861,0.24355,0.24276,0.79696,0.69796,0.25395,0.24963,0.26949,0.256,0.27449,0.24573,0.25827,0.25726,0.24117,0.24238,0.25705,0.23069,0.24288,0.27136,0.25351,0.27748,0.2551,0.25395,0.24007,0.23579,0.24612,0.21377,0.78548,0.78376,0.24284,0.26228,0.22906,0.24758,0.24414,0.23122,0.27527,0.24122,0.22714,0.2195,0.23603,0.23631,0.22967,0.21345,0.23152,0.23704,0.21254,0.21103,0.21341,0.20708,0.21315,0.21143,0.76027,0.78887,Platemb18,17
0.32506,0.33815,0.28735,0.23731,0.32085,0.4007,0.27493,0.24206,0.2184,0.21548,0.31061,0.23779,0.24132,0.26864,0.32868,0.27919,0.23185,0.18759,0.24238,0.20919,0.23447,0.20963,1.0093,0.97032,0.32146,0.3231,0.31491,0.25831,0.27849,0.25256,0.33512,0.17138,0.29198,0.27782,0.30158,0.22462,0.38878,0.29036,0.28377,0.26046,0.2479,0.23422,0.1957,0.22628,0.23587,0.22446,0.94193,1.0106,0.31718,0.29927,0.27189,0.298,0.37171,0.20353,0.28057,0.27507,0.27119,0.28063,0.29695,0.28543,0.36783,0.2896,0.30692,0.29433,0.2664,0.24398,0.25804,0.24743,0.23851,0.25821,0.93506,1.0178,0.34241,0.28299,0.33045,0.29986,0.1936,0.29003,0.26556,0.29581,0.18125,0.64775,0.28153,0.26649,0.35352,0.32803,0.59349,0.30843,0.18104,0.16372,0.22993,0.25628,0.25537,0.24794,0.96915,0.9661,0.33533,0.27958,0.15365,0.3007,0.39752,0.28,0.31221,0.25512,0.26566,0.28488,0.30064,0.2936,0.28353,0.31144,0.33545,0.22843,0.33907,0.2718,0.27451,0.30109,0.24061,0.21946,0.95328,1.0284,0.31258,0.29259,0.32929,0.30934,0.21408,0.30062,0.32296,0.30706,0.25713,0.28645,0.40227,0.2976,0.27067,0.29981,0.28783,0.27196,0.3941,0.26944,0.25493,0.25025,0.25969,0.29121,1.0237,0.99573,0.34773,0.3373,0.23631,0.34821,0.3254,0.23669,0.28402,0.20724,0.30325,0.2121,0.27601,0.28803,0.2799,0.30445,0.29123,0.26725,0.28192,0.29881,0.26399,0.23382,0.26503,0.26141,1.0074,1.0157,0.30288,0.29822,0.33111,0.31985,0.30895,0.3662,0.27708,0.32121,0.27968,0.37073,0.27849,0.28281,0.24599,0.23289,0.26911,0.25407,0.3393,0.25647,0.25387,0.39412,0.29451,0.28813,0.95798,0.93428,0.3227,0.29766,0.39439,0.31097,0.27715,0.36484,0.30487,0.23895,0.31027,0.3108,0.27437,0.31137,0.15731,0.30261,0.28737,0.21457,0.27965,0.32843,0.26716,0.20327,0.27828,0.30136,0.93713,0.8905,0.31306,0.30118,0.29814,0.31188,0.21095,0.24992,0.26286,0.26457,0.28568,0.26151,0.29368,0.28887,0.22071,0.26863,0.28038,0.27336,0.20482,0.32969,0.33298,0.24052,0.27427,0.26734,1.007,0.95547,0.32183,0.32695,0.28205,0.41038,0.34828,0.34122,0.30748,0.26484,0.31378,0.51727,0.27441,0.31195,0.247,0.35688,0.29961,0.30107,0.23908,0.39754,0.26768,0.19724,0.26589,0.24279,0.98493,0.8962,0.30625,0.31725,0.31454,0.29973,0.30381,0.3058,0.2999,0.29395,0.3079,0.24896,0.29755,0.32767,0.29645,0.34926,0.27407,0.28669,0.26449,0.28102,0.2774,0.26624,0.32538,0.27615,1.041,0.90552,0.30975,0.30453,0.26327,0.24442,0.27808,0.3175,0.2871,0.30083,0.26444,0.28264,0.29517,0.29435,0.22,0.28473,0.30045,0.27798,0.2736,0.27051,0.27589,0.28766,0.27476,0.25085,0.98553,0.95528,0.30717,0.29048,1.3784,0.27406,0.22732,0.27927,0.25949,0.26338,0.31239,0.22348,0.25311,0.27386,0.29659,0.28921,0.26922,0.26956,0.24407,0.29522,0.31031,0.27102,0.26203,0.25718,0.91237,0.79139,0.28558,0.28136,0.29855,0.28547,0.30181,0.26621,0.29067,0.28564,0.26296,0.26613,0.28648,0.24556,0.26104,0.29331,0.27532,0.29962,0.27518,0.27422,0.25847,0.2517,0.26437,0.22169,0.91942,0.91012,0.27697,0.29118,0.2438,0.2734,0.27214,0.25553,0.307,0.25843,0.24749,0.23941,0.26201,0.25851,0.24954,0.22856,0.24993,0.2589,0.22853,0.22466,0.2299,0.22369,0.23143,0.22611,0.88106,0.9247,Platemb18,18
0.3828,0.39548,0.33067,0.26463,0.37443,0.47588,0.31526,0.27478,0.24272,0.23946,0.35816,0.26547,0.26472,0.30637,0.38644,0.32224,0.26013,0.19973,0.27493,0.23156,0.26412,0.23081,1.1445,1.1018,0.37641,0.3741,0.35716,0.28315,0.31916,0.28642,0.38778,0.17935,0.33601,0.31808,0.34869,0.24762,0.46131,0.33344,0.32538,0.29694,0.27896,0.26078,0.21186,0.25176,0.26026,0.2469,1.0736,1.1469,0.37164,0.34723,0.30525,0.34235,0.43845,0.21648,0.3211,0.31334,0.30899,0.32,0.33972,0.32887,0.43066,0.33072,0.35271,0.3378,0.30186,0.27467,0.29042,0.2788,0.26266,0.29314,1.065,1.1539,0.39982,0.3239,0.38307,0.34212,0.20446,0.32906,0.29956,0.33847,0.18851,0.78404,0.32132,0.30233,0.39213,0.37812,0.69405,0.35513,0.18881,0.17016,0.2502,0.2877,0.28626,0.27489,1.1019,1.1017,0.39289,0.29937,0.15549,0.34403,0.46781,0.32019,0.35728,0.2703,0.29695,0.32563,0.34615,0.33216,0.32496,0.35794,0.38604,0.25129,0.39604,0.30799,0.31223,0.34349,0.26683,0.23669,1.0836,1.1577,0.36616,0.33533,0.37948,0.34726,0.23315,0.34197,0.37224,0.33891,0.28801,0.32489,0.47477,0.3385,0.30714,0.34197,0.32739,0.30779,0.45575,0.30596,0.28575,0.28011,0.28956,0.33045,1.1555,1.1309,0.39857,0.391,0.25196,0.40215,0.37415,0.25949,0.32562,0.22468,0.34722,0.22839,0.31443,0.32623,0.31661,0.34352,0.33275,0.29929,0.31792,0.34156,0.29764,0.25289,0.29774,0.29116,1.1395,1.1527,0.35272,0.33307,0.37751,0.3636,0.35135,0.4234,0.3086,0.35579,0.32012,0.43417,0.31665,0.3165,0.27554,0.25863,0.3053,0.27064,0.39265,0.28674,0.28469,0.46006,0.33267,0.31995,1.0936,1.076,0.36492,0.33582,0.45742,0.35309,0.31104,0.41607,0.3471,0.26328,0.355,0.35738,0.30986,0.3581,0.15754,0.3451,0.32475,0.23157,0.31648,0.30335,0.30055,0.2197,0.31287,0.34274,1.0669,1.0254,0.35996,0.33955,0.33621,0.35403,0.22459,0.27593,0.29313,0.29816,0.32438,0.29388,0.33606,0.3315,0.24063,0.30088,0.32079,0.30814,0.2183,0.36807,0.3788,0.266,0.30889,0.29884,1.1413,1.0919,0.36723,0.37463,0.31707,0.35328,0.39785,0.38989,0.35114,0.29364,0.35653,0.61059,0.30729,0.3592,0.26818,0.41242,0.34296,0.34,0.26284,0.46545,0.30173,0.20849,0.29657,0.26596,1.1227,1.0312,0.35013,0.35952,0.35917,0.341,0.3372,0.34739,0.34222,0.3343,0.34958,0.27507,0.33892,0.37916,0.33687,0.4075,0.30574,0.32551,0.29432,0.31684,0.3134,0.29793,0.37588,0.3064,1.1731,1.0361,0.35132,0.34698,0.2925,0.26819,0.31004,0.36429,0.31873,0.34134,0.29751,0.32268,0.33572,0.34054,0.24239,0.3222,0.33883,0.309,0.30295,0.30212,0.3086,0.323,0.30423,0.27303,1.1165,1.0914,0.3541,0.33038,1.4169,0.30282,0.24177,0.31376,0.28662,0.29549,0.35574,0.24165,0.28153,0.30328,0.33941,0.32321,0.30056,0.29319,0.26512,0.32955,0.35083,0.30386,0.28834,0.27497,1.0397,0.88314,0.32142,0.31763,0.33059,0.32254,0.33674,0.29002,0.32898,0.32323,0.29343,0.29588,0.31696,0.26749,0.28822,0.32281,0.30447,0.33428,0.30615,0.30454,0.28219,0.27321,0.2899,0.23221,1.0423,1.0476,0.31276,0.33066,0.26367,0.30543,0.30416,0.28154,0.34873,0.27843,0.27244,0.2635,0.2896,0.28633,0.27638,0.24958,0.27862,0.28789,0.25082,0.24316,0.25249,0.2443,0.25421,0.24494,1.0102,1.0491,Platemb18,19
0.11118,0.11203,0.119,0.12804,0.11106,0.11318,0.11381,0.11078,0.11297,0.11119,0.11297,0.12171,0.11012,0.10899,0.11176,0.11169,0.11276,0.11377,0.11101,0.11055,0.11229,0.11012,0.11295,0.11478,0.10973,0.11049,0.11309,0.116,0.11188,0.11256,0.11242,0.12312,0.11067,0.1127,0.11292,0.11223,0.1105,0.11172,0.11008,0.10831,0.11494,0.1184,0.11245,0.11219,0.11301,0.11361,0.12024,0.1165,0.11005,0.11228,0.11697,0.11609,0.11363,0.11539,0.12628,0.11298,0.11243,0.1147,0.11726,0.11661,0.11649,0.12125,0.1217,0.11435,0.11305,0.11216,0.11756,0.11364,0.10952,0.12069,0.12266,0.11566,0.11132,0.11274,0.12416,0.1162,0.11419,0.11988,0.11162,0.11361,0.11192,0.11962,0.11236,0.11394,0.11987,0.11716,0.1255,0.11491,0.11353,0.11319,0.12594,0.11801,0.11424,0.11383,0.1112,0.11334,0.11063,0.12082,0.11831,0.11488,0.11073,0.11119,0.12395,0.13677,0.1152,0.11626,0.11566,0.13113,0.1176,0.12494,0.12838,0.113,0.11358,0.11767,0.11733,0.11308,0.11798,0.11652,0.11179,0.10993,0.11143,0.11487,0.11455,0.12195,0.12048,0.11063,0.12469,0.12249,0.12244,0.12135,0.11267,0.11944,0.11725,0.12309,0.11832,0.11354,0.11525,0.11223,0.11487,0.11149,0.12219,0.11665,0.11325,0.11112,0.11088,0.11311,0.11694,0.11867,0.11607,0.11334,0.11194,0.11277,0.12337,0.12288,0.11343,0.12477,0.12485,0.12094,0.11565,0.11616,0.12461,0.11314,0.11232,0.11997,0.11666,0.11282,0.11442,0.11153,0.10981,0.11248,0.11463,0.11548,0.12021,0.11601,0.11513,0.11366,0.12465,0.12334,0.11362,0.11676,0.11771,0.11524,0.11793,0.11759,0.11887,0.114,0.11295,0.1318,0.11307,0.11217,0.11184,0.11124,0.10957,0.11086,0.11309,0.1144,0.11895,0.11478,0.11395,0.11696,0.12571,0.13319,0.11597,0.11625,0.1206,0.12267,0.11862,0.11745,0.11362,0.12005,0.11168,0.11343,0.1168,0.11376,0.11338,0.112,0.11235,0.11441,0.11037,0.11333,0.11619,0.11588,0.11151,0.11624,0.11861,0.11403,0.11369,0.11284,0.11263,0.12659,0.11245,0.12053,0.11339,0.12866,0.11532,0.11404,0.1185,0.12711,0.11549,0.11264,0.11318,0.11225,0.11183,0.11124,0.12074,0.11406,0.11584,0.12415,0.12221,0.11555,0.11372,0.1157,0.11942,0.1207,0.12187,0.12084,0.1161,0.11826,0.1125,0.11396,0.11689,0.11268,0.11255,0.11319,0.11062,0.11338,0.11115,0.11212,0.11594,0.11414,0.12131,0.11344,0.11438,0.11145,0.11225,0.1137,0.1176,0.13938,0.11844,0.11178,0.11928,0.11367,0.11263,0.12237,0.11176,0.12954,0.11632,0.12043,0.11254,0.1123,0.11701,0.11942,0.11377,0.1135,0.11192,0.11362,0.11662,0.11481,0.11581,0.11375,0.11883,0.11557,0.12094,0.11384,0.11653,0.11323,0.11241,0.11799,0.12216,0.11725,0.11549,0.1121,0.11108,0.12029,0.13805,0.1177,0.1125,0.1126,0.11373,0.11175,0.11494,0.11736,0.11385,0.1143,0.11797,0.1165,0.11372,0.1137,0.11706,0.11484,0.1127,0.11343,0.114,0.11822,0.11976,0.11362,0.11372,0.11312,0.13458,0.11314,0.11514,0.11229,0.11339,0.11641,0.11428,0.11456,0.12028,0.11337,0.1115,0.14011,0.12104,0.13296,0.11747,0.12566,0.1157,0.11451,0.11234,0.11653,0.11718,0.11303,0.11378,0.11218,0.1743,0.11365,0.12476,0.11132,0.1105,0.11013,0.11735,0.11661,0.11894,0.11121,0.11068,0.11518,0.11698,0.11414,0.11013,0.1161,0.10973,0.11037,0.11182,0.11419,0.11378,0.11131,Platemb18,1
0.4483,0.46178,0.37626,0.29441,0.43799,0.56259,0.3604,0.31163,0.26881,0.26592,0.41825,0.3008,0.29575,0.3573,0.4573,0.37584,0.29389,0.21566,0.3149,0.25894,0.30194,0.25855,1.2681,1.2253,0.44025,0.43884,0.4114,0.31564,0.36781,0.32664,0.44987,0.18888,0.38888,0.36504,0.40532,0.27408,0.54759,0.3883,0.37784,0.34113,0.31858,0.29439,0.23263,0.28184,0.29249,0.27767,1.19,1.2667,0.43365,0.40323,0.34556,0.39726,0.52049,0.23405,0.37168,0.36157,0.35621,0.36866,0.39202,0.38298,0.50684,0.38229,0.40989,0.38939,0.3465,0.3128,0.33208,0.31726,0.2916,0.33565,1.1885,1.2719,0.46309,0.37289,0.44815,0.3951,0.21616,0.38123,0.34162,0.39155,0.19754,0.92343,0.36816,0.34439,0.43603,0.43828,0.79924,0.4106,0.20042,0.17778,0.27385,0.32745,0.32975,0.30967,1.2176,1.2255,0.45636,0.343,0.15627,0.40062,0.55743,0.36944,0.41541,0.29146,0.33828,0.37632,0.40234,0.37709,0.37685,0.41477,0.44476,0.27903,0.46457,0.35411,0.35891,0.40012,0.30045,0.25803,1.1999,1.2763,0.42225,0.38398,0.43988,0.40358,0.25781,0.39746,0.42904,0.37758,0.33147,0.37292,0.56053,0.39068,0.35019,0.39473,0.37772,0.35202,0.52926,0.35164,0.32664,0.32021,0.32618,0.37608,1.2666,1.2432,0.46777,0.44981,0.27018,0.46773,0.43306,0.28625,0.37614,0.24513,0.39874,0.24988,0.36151,0.37565,0.36339,0.39818,0.38344,0.3398,0.36319,0.39287,0.34135,0.27831,0.33845,0.33038,1.2535,1.2753,0.40766,0.37747,0.43521,0.42413,0.40605,0.49507,0.34633,0.39004,0.36535,0.51583,0.36082,0.35171,0.31389,0.29179,0.35004,0.28321,0.45888,0.32764,0.32208,0.50693,0.37732,0.35303,1.2162,1.1971,0.42606,0.38593,0.53379,0.40385,0.34396,0.47996,0.40504,0.29336,0.40941,0.41118,0.35579,0.41458,0.15681,0.39636,0.37479,0.25348,0.36415,0.33203,0.34287,0.24076,0.3586,0.39086,1.179,1.1457,0.41722,0.39599,0.38649,0.40925,0.24176,0.30898,0.33626,0.34264,0.37577,0.33592,0.39379,0.38628,0.26752,0.34312,0.37104,0.3501,0.23595,0.42413,0.43588,0.29873,0.35316,0.33727,1.2513,1.2094,0.4332,0.43271,0.3582,0.40333,0.45892,0.44401,0.40463,0.32754,0.4094,0.73251,0.3487,0.41721,0.29599,0.48131,0.39589,0.39136,0.29287,0.54759,0.34337,0.22088,0.33719,0.29294,1.2302,1.149,0.40602,0.41299,0.41183,0.39682,0.38328,0.40062,0.3951,0.38452,0.40468,0.30877,0.38911,0.44442,0.38848,0.47436,0.34493,0.37601,0.33339,0.36276,0.35628,0.33831,0.43605,0.34423,1.2877,1.1678,0.41164,0.40431,0.32934,0.29613,0.35377,0.42075,0.36368,0.38931,0.34077,0.37115,0.38239,0.39071,0.26977,0.36712,0.38533,0.35047,0.34443,0.34282,0.3484,0.36766,0.34199,0.3019,1.2363,1.2167,0.40365,0.38187,1.4511,0.33939,0.26386,0.36002,0.32515,0.33445,0.4152,0.26957,0.31592,0.34641,0.38898,0.36658,0.34033,0.32813,0.29261,0.36978,0.39907,0.3446,0.32171,0.30292,1.1548,0.98818,0.3705,0.36518,0.37761,0.37363,0.3803,0.32787,0.37705,0.36868,0.3284,0.32743,0.36587,0.29569,0.32192,0.35904,0.34336,0.37975,0.34363,0.34454,0.31248,0.30124,0.32293,0.24713,1.1626,1.1741,0.36414,0.37833,0.28797,0.34927,0.35059,0.31792,0.40198,0.30255,0.30604,0.29658,0.32764,0.32596,0.31124,0.27916,0.31318,0.32913,0.28091,0.26884,0.2844,0.27289,0.28589,0.26978,1.148,1.1739,Platemb18,20
0.52305,0.54047,0.43428,0.33278,0.50677,0.661,0.41365,0.35555,0.30444,0.30017,0.48389,0.34103,0.33145,0.40942,0.53522,0.43589,0.33497,0.23382,0.36147,0.29109,0.34633,0.28998,1.3548,1.3123,0.50697,0.50824,0.47286,0.34741,0.42448,0.3723,0.52326,0.1974,0.44873,0.41991,0.47352,0.30855,0.64481,0.4491,0.43501,0.39506,0.36628,0.33442,0.25748,0.3223,0.33359,0.31268,1.2885,1.3628,0.50772,0.46793,0.3935,0.45599,0.6083,0.25316,0.42272,0.41337,0.40837,0.42117,0.44823,0.43802,0.58863,0.4415,0.47332,0.44967,0.39833,0.35922,0.38149,0.36516,0.32943,0.38804,1.2856,1.3648,0.5358,0.43203,0.52559,0.45333,0.23012,0.42988,0.39267,0.45268,0.20822,1.0679,0.42464,0.3933,0.48566,0.50503,0.90956,0.47535,0.21058,0.18542,0.30899,0.37552,0.37603,0.34586,1.3146,1.3299,0.53084,0.37544,0.15676,0.46028,0.65106,0.42438,0.47846,0.30963,0.37754,0.43434,0.46676,0.42833,0.43392,0.47812,0.51345,0.31275,0.54159,0.40722,0.41391,0.46317,0.34061,0.28352,1.2932,1.3649,0.49387,0.439,0.49986,0.45828,0.28603,0.46025,0.49684,0.41258,0.3791,0.42686,0.65268,0.45006,0.4028,0.45562,0.43683,0.40364,0.61569,0.40435,0.37506,0.36727,0.37198,0.43434,1.3546,1.3373,0.54694,0.5248,0.28772,0.53299,0.50044,0.32021,0.43305,0.27022,0.46206,0.27368,0.41348,0.42843,0.41666,0.45708,0.444,0.38743,0.41508,0.45067,0.38759,0.307,0.38819,0.37491,1.3415,1.3568,0.47673,0.42722,0.49922,0.48391,0.4604,0.57173,0.37517,0.43597,0.41705,0.59887,0.41348,0.40069,0.35767,0.33188,0.4002,0.31192,0.53064,0.37622,0.36988,0.58435,0.43795,0.36472,1.3106,1.2976,0.46886,0.437,0.61845,0.46215,0.39587,0.5503,0.46925,0.33279,0.47288,0.48023,0.40473,0.47877,0.15619,0.4595,0.42612,0.27942,0.42018,0.37909,0.39115,0.25832,0.41082,0.45284,1.268,1.241,0.4791,0.44538,0.44022,0.46583,0.25894,0.34931,0.37768,0.39061,0.43558,0.38416,0.45353,0.44717,0.30025,0.38678,0.42821,0.3998,0.25686,0.47268,0.50213,0.33637,0.40405,0.38188,1.3488,1.3144,0.49807,0.49404,0.41009,0.46355,0.52824,0.51766,0.46444,0.3737,0.47233,0.8506,0.39818,0.48281,0.33178,0.55616,0.46117,0.45029,0.32967,0.63916,0.39411,0.23558,0.38316,0.3322,1.3382,1.2477,0.46646,0.47276,0.47117,0.44911,0.42377,0.45885,0.451,0.44652,0.45968,0.34894,0.44636,0.51822,0.44632,0.54926,0.3933,0.43075,0.37667,0.41657,0.4086,0.38603,0.49626,0.3886,1.3737,1.2631,0.46591,0.46047,0.36881,0.33179,0.40223,0.48438,0.40438,0.45279,0.38867,0.42727,0.44533,0.45257,0.30567,0.42165,0.44191,0.39792,0.38885,0.38976,0.39775,0.41804,0.38677,0.33662,1.3313,1.3178,0.46238,0.43157,1.4776,0.37916,0.28539,0.4137,0.36809,0.37972,0.47099,0.30254,0.35742,0.3909,0.44995,0.41772,0.38735,0.36158,0.32562,0.37374,0.45683,0.39184,0.36224,0.33388,1.2575,1.0574,0.42238,0.42118,0.42398,0.42315,0.42996,0.36511,0.43691,0.42547,0.37533,0.37415,0.41749,0.32856,0.36445,0.40671,0.38761,0.43047,0.38937,0.38632,0.35401,0.33541,0.36635,0.26446,1.2856,1.2926,0.41937,0.43718,0.31514,0.39541,0.39235,0.36461,0.46291,0.29063,0.34447,0.33747,0.3742,0.36798,0.35188,0.31232,0.35466,0.3717,0.31528,0.29971,0.31936,0.30831,0.32256,0.30102,1.2483,1.2808,Platemb18,21
0.61189,0.63106,0.50498,0.38,0.59166,0.77511,0.48208,0.40897,0.34276,0.34045,0.56387,0.3878,0.37725,0.47685,0.6254,0.50865,0.38421,0.25727,0.41875,0.33204,0.40177,0.33001,1.4184,1.3801,0.59383,0.59349,0.54748,0.38291,0.49455,0.43398,0.60884,0.2104,0.52291,0.48857,0.55232,0.35108,0.75654,0.52377,0.5085,0.46159,0.42495,0.38474,0.29159,0.37389,0.37623,0.35851,1.346,1.4236,0.58899,0.54981,0.45237,0.53351,0.7167,0.2837,0.49643,0.48367,0.47785,0.49155,0.52545,0.51795,0.68872,0.51336,0.55074,0.52636,0.46275,0.4166,0.44185,0.42171,0.37799,0.45132,1.3518,1.4333,0.62185,0.49983,0.62066,0.52734,0.25021,0.48849,0.45341,0.52755,0.22386,1.205,0.49147,0.45693,0.55682,0.58741,1.0267,0.55096,0.22992,0.19692,0.34712,0.43231,0.43928,0.39323,1.3698,1.3927,0.61682,0.43439,0.15837,0.5365,0.76433,0.49662,0.55778,0.34458,0.42693,0.50649,0.5485,0.49659,0.5062,0.55766,0.59856,0.3568,0.63566,0.47235,0.48055,0.53772,0.38716,0.31704,1.3603,1.4288,0.57614,0.51068,0.58265,0.53256,0.32385,0.53693,0.57959,0.46023,0.4326,0.49585,0.76315,0.51915,0.46715,0.52893,0.50696,0.4661,0.71317,0.46844,0.43312,0.42645,0.42691,0.50424,1.4115,1.3993,0.64048,0.61262,0.31645,0.6193,0.58252,0.36285,0.5035,0.30368,0.5367,0.30704,0.48162,0.49367,0.47858,0.52479,0.51666,0.44755,0.47929,0.52606,0.45033,0.34127,0.4475,0.42875,1.4096,1.4163,0.56187,0.49223,0.58249,0.55915,0.53394,0.66831,0.42035,0.47542,0.48265,0.70338,0.47576,0.35929,0.41403,0.38198,0.46187,0.33968,0.62106,0.43512,0.42342,0.67452,0.49828,0.40562,1.3715,1.3665,0.57885,0.49956,0.71878,0.53452,0.44505,0.63291,0.54715,0.38018,0.54752,0.55717,0.46961,0.55925,0.15718,0.53412,0.49353,0.31352,0.48591,0.41411,0.4522,0.28243,0.47675,0.5184,1.3342,1.309,0.56175,0.51396,0.50902,0.54204,0.28621,0.39855,0.42943,0.45426,0.50308,0.44339,0.52541,0.52087,0.33893,0.44129,0.49882,0.45916,0.2848,0.53995,0.58004,0.38714,0.46493,0.43341,1.3937,1.3698,0.58478,0.57772,0.47193,0.53127,0.60979,0.59621,0.53822,0.42359,0.54924,0.97706,0.45571,0.56068,0.37575,0.64293,0.53513,0.52361,0.37758,0.74298,0.45407,0.25594,0.44073,0.37643,1.3987,1.318,0.54958,0.54905,0.54711,0.51982,0.48014,0.53237,0.52334,0.51131,0.5301,0.39755,0.51523,0.5895,0.51426,0.63599,0.44774,0.49702,0.42911,0.47996,0.46875,0.44228,0.56308,0.44694,1.4245,1.331,0.53794,0.53888,0.42615,0.37648,0.45882,0.55999,0.46212,0.52418,0.44932,0.49602,0.5151,0.52309,0.35074,0.48618,0.50652,0.45639,0.44446,0.44743,0.45401,0.48038,0.44201,0.37876,1.3997,1.3793,0.54173,0.49875,1.4789,0.43577,0.31426,0.46896,0.41726,0.43417,0.54451,0.34077,0.4046,0.44474,0.51646,0.47551,0.44343,0.40679,0.36478,0.41053,0.51328,0.4456,0.40977,0.37441,1.3118,1.1024,0.49256,0.48539,0.4902,0.48351,0.48956,0.41115,0.50512,0.49021,0.43088,0.42885,0.48052,0.36968,0.41632,0.46338,0.4435,0.49586,0.44241,0.44121,0.39952,0.37685,0.41421,0.28655,1.3639,1.3682,0.48305,0.50189,0.34331,0.45404,0.44338,0.41122,0.53775,0.31292,0.39098,0.37958,0.42787,0.42036,0.40017,0.35094,0.40466,0.42694,0.35697,0.33634,0.36155,0.3486,0.36722,0.3352,1.3228,1.3573,Platemb18,22
0.71191,0.73437,0.58423,0.43534,0.68459,0.89002,0.55455,0.47042,0.38997,0.38642,0.65366,0.44374,0.42765,0.55325,0.73068,0.59207,0.43952,0.28508,0.48431,0.38129,0.46571,0.37673,1.4597,1.418,0.68749,0.69045,0.63484,0.42727,0.57794,0.50838,0.70872,0.22613,0.60763,0.56988,0.64785,0.40326,0.87448,0.60898,0.59072,0.53545,0.49171,0.4432,0.33095,0.42903,0.42816,0.41118,1.3996,1.475,0.67823,0.63677,0.51678,0.61823,0.83249,0.31346,0.57292,0.55818,0.54901,0.56478,0.60499,0.59664,0.79354,0.59281,0.63638,0.60689,0.53393,0.48477,0.51215,0.489,0.437,0.52505,1.4019,1.4821,0.71727,0.58365,0.72942,0.61177,0.27508,0.5578,0.52761,0.61525,0.24302,1.3247,0.57029,0.52962,0.45762,0.67924,1.1494,0.64203,0.25005,0.21005,0.39935,0.50238,0.50794,0.45328,1.4175,1.431,0.69986,0.46769,0.16072,0.62436,0.87557,0.57143,0.64101,0.38509,0.48331,0.58838,0.63723,0.57032,0.5872,0.64688,0.68766,0.40821,0.73833,0.54593,0.5574,0.62177,0.44353,0.35755,1.4048,1.4772,0.67355,0.58909,0.6746,0.62035,0.36971,0.63008,0.66891,0.52136,0.50612,0.57489,0.88054,0.60301,0.54101,0.61123,0.58806,0.54134,0.81955,0.54301,0.50103,0.49405,0.49365,0.58112,1.4582,1.4439,0.7378,0.70584,0.3482,0.71243,0.67438,0.41236,0.57914,0.34269,0.62286,0.34595,0.5546,0.56755,0.55495,0.59961,0.5982,0.51782,0.55114,0.61089,0.5224,0.3817,0.51656,0.49357,1.4565,1.4626,0.65062,0.55817,0.66979,0.64527,0.61257,0.77132,0.4752,0.53533,0.55296,0.8146,0.55156,0.39005,0.47833,0.44365,0.5357,0.37776,0.72855,0.50333,0.49131,0.79816,0.56761,0.44648,1.4193,1.4197,0.63639,0.57879,0.83237,0.61799,0.49768,0.7314,0.63473,0.43676,0.63054,0.65221,0.54407,0.64788,0.1588,0.61853,0.56745,0.34743,0.56491,0.46556,0.52305,0.31855,0.55147,0.6011,1.3762,1.3512,0.64921,0.59304,0.59106,0.63091,0.3187,0.45989,0.49677,0.52572,0.59082,0.5172,0.60706,0.60839,0.3862,0.49997,0.58167,0.52932,0.32025,0.64339,0.66597,0.44571,0.53755,0.49673,1.4448,1.412,0.67314,0.67282,0.54644,0.6223,0.70513,0.68819,0.62631,0.48591,0.63038,1.0999,0.52872,0.65061,0.4299,0.73882,0.62205,0.60309,0.432,0.85907,0.52517,0.28171,0.50812,0.43264,1.4432,1.3578,0.64218,0.63502,0.62938,0.60188,0.54666,0.62024,0.60478,0.59183,0.61572,0.45991,0.59333,0.69069,0.59822,0.73482,0.5149,0.57414,0.49289,0.55743,0.5385,0.51021,0.64546,0.51153,1.4693,1.3799,0.62681,0.62215,0.48566,0.42758,0.53459,0.6468,0.51585,0.60449,0.51814,0.5759,0.59235,0.6097,0.40041,0.55921,0.58294,0.52468,0.51081,0.51597,0.51995,0.55502,0.50747,0.43143,1.4433,1.4269,0.62896,0.58052,1.4893,0.49887,0.35755,0.54213,0.48466,0.49965,0.62714,0.39305,0.45981,0.51245,0.59768,0.54784,0.51221,0.46288,0.41427,0.45833,0.57991,0.5131,0.46921,0.42819,1.3616,1.1649,0.55951,0.55903,0.56125,0.5518,0.55558,0.47079,0.5879,0.56669,0.49507,0.49089,0.5556,0.41493,0.47832,0.53122,0.50927,0.56222,0.50633,0.50857,0.46105,0.42922,0.4742,0.3136,1.4166,1.4234,0.56853,0.58445,0.37573,0.53041,0.50319,0.47238,0.62432,0.34297,0.45383,0.43433,0.49964,0.4883,0.4617,0.40052,0.47056,0.49572,0.40963,0.38553,0.4165,0.40146,0.42382,0.38103,1.3747,1.4162,Platemb18,23
0.81441,0.84345,0.66936,0.49999,0.78526,1.0083,0.63736,0.54209,0.44651,0.44361,0.75334,0.50911,0.49172,0.63857,0.84093,0.68309,0.50559,0.32259,0.56071,0.4396,0.54057,0.43289,1.4901,1.4483,0.78815,0.79193,0.73015,0.4653,0.66766,0.58522,0.80996,0.24312,0.69957,0.65404,0.7486,0.45845,0.98344,0.70227,0.67732,0.61706,0.56782,0.51068,0.37583,0.49247,0.49501,0.47196,1.4306,1.506,0.78903,0.72621,0.59673,0.70776,0.94909,0.34945,0.65161,0.63695,0.63282,0.65063,0.68934,0.68627,0.90379,0.68095,0.73259,0.69986,0.61636,0.55699,0.59113,0.56293,0.49376,0.6079,1.4373,1.5062,0.83052,0.66679,0.84246,0.70405,0.30118,0.62924,0.60944,0.70671,0.26443,1.3997,0.652,0.60271,0.48037,0.77514,1.2496,0.73259,0.27242,0.22507,0.4545,0.57714,0.58434,0.51478,1.4554,1.4673,0.79787,0.50884,0.16409,0.71408,0.98645,0.65585,0.73914,0.43319,0.52847,0.67817,0.73525,0.64947,0.67205,0.73746,0.7837,0.4637,0.84483,0.62907,0.64049,0.71574,0.50138,0.4033,1.438,1.508,0.76611,0.67137,0.76714,0.70882,0.4196,0.71836,0.76716,0.59921,0.57297,0.65539,1.0027,0.68997,0.6212,0.70429,0.67746,0.62179,0.92417,0.62493,0.57437,0.56889,0.5626,0.65837,1.49,1.475,0.83147,0.81403,0.36949,0.81075,0.77268,0.46958,0.66872,0.38377,0.71579,0.39231,0.63634,0.64204,0.63295,0.68178,0.68701,0.59293,0.63508,0.69933,0.59256,0.42376,0.59353,0.5576,1.4848,1.4918,0.74447,0.63359,0.76496,0.73623,0.69937,0.88031,0.50642,0.43026,0.61873,0.93225,0.62646,0.4307,0.55664,0.50715,0.61855,0.42421,0.82853,0.5802,0.56219,0.88982,0.65312,0.50244,1.4593,1.4496,0.71785,0.66097,0.94302,0.70775,0.5729,0.83296,0.72337,0.49933,0.72585,0.74325,0.62331,0.74076,0.15644,0.7101,0.64544,0.37894,0.65118,0.50727,0.59869,0.3435,0.6333,0.68544,1.4107,1.3857,0.74228,0.67619,0.68085,0.71895,0.35285,0.52227,0.5628,0.60523,0.67542,0.59037,0.70609,0.69821,0.44193,0.56661,0.67391,0.61007,0.36191,0.784,0.76208,0.51104,0.61948,0.56396,1.4805,1.4428,0.75481,0.76424,0.62913,0.70348,0.80548,0.79083,0.72063,0.55512,0.72408,1.2188,0.60549,0.74737,0.49383,0.84026,0.71485,0.69204,0.49568,0.97132,0.60237,0.31205,0.58309,0.48733,1.4767,1.3964,0.73229,0.73429,0.72234,0.68964,0.59459,0.7054,0.69422,0.68064,0.70131,0.52352,0.68454,0.7766,0.68385,0.84334,0.58882,0.66291,0.56369,0.64086,0.61673,0.58431,0.72053,0.58106,1.5059,1.4176,0.7268,0.71123,0.56086,0.48622,0.61581,0.74797,0.58347,0.70125,0.59871,0.66133,0.68064,0.69806,0.45967,0.63799,0.66582,0.60022,0.58767,0.58907,0.59545,0.63248,0.57907,0.4909,1.485,1.4624,0.71437,0.65829,1.4951,0.57437,0.39867,0.62171,0.55108,0.5761,0.71979,0.44497,0.52897,0.58994,0.69127,0.62972,0.58907,0.51569,0.47156,0.51186,0.67088,0.58894,0.53662,0.48669,1.4205,1.2282,0.65414,0.64611,0.64468,0.63138,0.64456,0.53748,0.67353,0.65351,0.5732,0.56626,0.63965,0.47291,0.54375,0.60618,0.58384,0.64511,0.58048,0.58124,0.52579,0.48673,0.539,0.34602,1.4575,1.4611,0.64956,0.66395,0.41795,0.60672,0.56886,0.54354,0.72296,0.38169,0.51462,0.50118,0.56122,0.55854,0.53153,0.46148,0.53408,0.56695,0.47,0.43927,0.4779,0.46019,0.48819,0.4362,1.4251,1.4471,Platemb18,24
0.1135,0.12827,0.13387,0.14413,0.13141,0.1331,0.13385,0.13188,0.13374,0.1318,0.13381,0.1419,0.13167,0.13213,0.12882,0.12462,0.12779,0.12878,0.12621,0.12256,0.12442,0.12683,0.12817,0.11978,0.13149,0.13423,0.13938,0.1396,0.13411,0.13205,0.13632,0.17229,0.13426,0.13389,0.14909,0.1353,0.13761,0.13824,0.13555,0.13094,0.13699,0.13589,0.12803,0.12968,0.1306,0.1336,0.13829,0.13622,0.13797,0.1348,0.13625,0.13916,0.13623,0.14136,0.14035,0.13677,0.13422,0.14016,0.14269,0.14112,0.14031,0.15019,0.14351,0.1363,0.13648,0.1333,0.13581,0.13664,0.13015,0.13489,0.1493,0.13934,0.14546,0.15954,0.14319,0.13762,0.13824,0.14248,0.13826,0.13997,0.13698,0.14206,0.13427,0.14098,0.14421,0.14024,0.14885,0.13766,0.13604,0.13393,0.14375,0.13919,0.13494,0.14222,0.14449,0.13718,0.14595,0.16659,0.15192,0.13889,0.13792,0.13683,0.14539,0.2076,0.13468,0.13813,0.13606,0.15962,0.13686,0.1555,0.15247,0.13917,0.13829,0.14098,0.13898,0.13612,0.14167,0.14039,0.14763,0.14224,0.15479,0.15159,0.15778,0.15771,0.1431,0.13932,0.14508,0.14363,0.15717,0.14329,0.13765,0.14516,0.13793,0.14799,0.14282,0.14047,0.1411,0.13929,0.13829,0.13607,0.14752,0.14735,0.14467,0.14251,0.13594,0.15084,0.16221,0.16054,0.14868,0.14435,0.13464,0.13511,0.1436,0.14145,0.13764,0.18238,0.14857,0.15272,0.1408,0.14429,0.15294,0.1417,0.13926,0.14787,0.14428,0.14374,0.14595,0.14681,0.13309,0.15619,0.1602,0.15592,0.16212,0.1464,0.13928,0.13604,0.18197,0.14614,0.14007,0.14324,0.13909,0.1385,0.14301,0.14615,0.1473,0.13895,0.14022,0.15423,0.14234,0.14335,0.14556,0.14438,0.13883,0.15333,0.16497,0.15953,0.15071,0.1491,0.14179,0.13891,0.14667,0.16573,0.14475,0.13786,0.14176,0.15028,0.14642,0.16253,0.14362,0.14331,0.14135,0.143,0.14843,0.14673,0.14594,0.14826,0.14098,0.15823,0.15929,0.16152,0.15631,0.15283,0.14475,0.14596,0.14316,0.13739,0.13635,0.13615,0.13916,0.14564,0.13892,0.15196,0.14222,0.16106,0.1423,0.14245,0.14587,0.15497,0.14508,0.14369,0.14174,0.15522,0.15961,0.15659,0.16052,0.15335,0.15231,0.17185,0.15098,0.1469,0.1459,0.14682,0.14841,0.14989,0.1488,0.15446,0.14689,0.14776,0.14312,0.14489,0.1459,0.1408,0.15027,0.14144,0.14154,0.15808,0.15893,0.15322,0.163,0.15369,0.15395,0.14988,0.15076,0.15315,0.14946,0.15327,0.1532,0.16323,0.15949,0.14729,0.15464,0.14937,0.14744,0.15111,0.14232,0.16862,0.14477,0.14656,0.14762,0.14413,0.15269,0.15485,0.15183,0.154,0.15162,0.15351,0.15232,0.15333,0.15174,0.15911,0.15578,0.1568,0.16372,0.15295,0.15749,0.15164,0.15365,0.15776,0.16096,0.15801,0.15742,0.13042,0.14767,0.14657,0.16469,0.1514,0.15313,0.15179,0.15375,0.14829,0.15223,0.16857,0.15671,0.15779,0.16532,0.16597,0.1551,0.15804,0.15629,0.15696,0.15118,0.1525,0.16199,0.16537,0.1624,0.14573,0.14586,0.14231,0.16408,0.14695,0.15563,0.15046,0.14928,0.14899,0.15355,0.16171,0.16524,0.1583,0.1597,0.18321,0.1641,0.1882,0.16339,0.16833,0.16287,0.17004,0.16331,0.16389,0.1692,0.14786,0.12667,0.15025,0.1626,0.14758,0.201,0.14871,0.14997,0.15171,0.15697,0.15373,0.14806,0.15096,0.14924,0.14692,0.14569,0.15161,0.13902,0.14146,0.14091,0.14103,0.14032,0.147,0.1476,0.14432,Platemb18,2
0.11682,0.12896,0.13511,0.1459,0.13224,0.13444,0.13582,0.13389,0.13579,0.13465,0.13789,0.14845,0.13699,0.1371,0.13312,0.12836,0.13011,0.13286,0.12914,0.12616,0.12763,0.1295,0.13012,0.12409,0.13173,0.13658,0.13972,0.14079,0.13404,0.13339,0.13734,0.19513,0.13648,0.13493,0.14013,0.13634,0.13865,0.13822,0.1369,0.13254,0.13723,0.13779,0.12949,0.1317,0.13406,0.13729,0.14081,0.13965,0.1362,0.13689,0.13824,0.14071,0.13652,0.1409,0.14148,0.13741,0.13488,0.14361,0.14295,0.14111,0.14095,0.15782,0.14442,0.13841,0.13805,0.1346,0.13729,0.13715,0.13227,0.13684,0.15104,0.14093,0.14528,0.1543,0.14426,0.13812,0.13949,0.14119,0.13795,0.1403,0.13711,0.14257,0.13598,0.13789,0.14641,0.14137,0.14915,0.13923,0.13709,0.13415,0.14569,0.14022,0.13731,0.14494,0.1463,0.13921,0.14512,0.16042,0.14823,0.13944,0.13635,0.13673,0.14705,0.27065,0.13699,0.13937,0.1388,0.16123,0.13869,0.1534,0.15366,0.14024,0.13958,0.14212,0.14162,0.13829,0.14616,0.14343,0.14959,0.14518,0.15202,0.1512,0.15663,0.15683,0.141,0.14605,0.14609,0.14518,0.14059,0.14606,0.1396,0.14766,0.13943,0.15023,0.1443,0.14161,0.14179,0.14069,0.14032,0.13858,0.14964,0.15369,0.14848,0.14664,0.1373,0.14846,0.16304,0.15948,0.15018,0.1455,0.13573,0.13665,0.14643,0.1433,0.13952,0.14257,0.15042,0.16234,0.14208,0.14546,0.15435,0.14315,0.14102,0.14856,0.14607,0.14762,0.14939,0.14679,0.1487,0.1563,0.15918,0.15557,0.15755,0.14778,0.14154,0.13651,0.13955,0.14644,0.14335,0.14532,0.14153,0.14058,0.14422,0.147,0.14815,0.14045,0.1416,0.17583,0.14441,0.14667,0.14899,0.14553,0.13981,0.15262,0.16331,0.15795,0.15314,0.15056,0.14311,0.14099,0.1491,0.14879,0.14473,0.14058,0.14339,0.15336,0.14662,0.17229,0.14361,0.14558,0.14338,0.14422,0.15018,0.15314,0.14866,0.15014,0.14107,0.15726,0.15935,0.16047,0.15625,0.15889,0.14644,0.14512,0.14532,0.14116,0.14101,0.13732,0.13963,0.17198,0.14051,0.15252,0.14342,0.16548,0.16366,0.14392,0.14909,0.15963,0.14881,0.1464,0.14249,0.15556,0.15976,0.16174,0.16165,0.15376,0.15278,0.15951,0.15461,0.14832,0.14804,0.14996,0.14901,0.15089,0.15096,0.15623,0.14888,0.15166,0.14773,0.14638,0.14992,0.14785,0.15103,0.14432,0.14206,0.15761,0.15938,0.1544,0.16495,0.15547,0.15506,0.15174,0.15306,0.15273,0.15159,0.15824,0.1539,0.17227,0.16097,0.15018,0.15558,0.15192,0.15012,0.16915,0.14675,0.17303,0.15368,0.14378,0.14792,0.1459,0.15373,0.15503,0.15301,0.15627,0.15281,0.15458,0.15311,0.15329,0.15272,0.15811,0.15215,0.15634,0.16428,0.15628,0.15963,0.15372,0.15683,0.16132,0.16467,0.16128,0.1609,0.13564,0.14918,0.14863,0.16637,0.16282,0.15361,0.15303,0.15396,0.1487,0.15457,0.16189,0.15723,0.16032,0.16631,0.16568,0.15582,0.1605,0.15868,0.15859,0.15461,0.15638,0.16517,0.16863,0.16744,0.15392,0.15025,0.14257,0.1663,0.15003,0.15791,0.15156,0.15107,0.15069,0.15464,0.15961,0.16642,0.16019,0.16159,0.18011,0.16649,0.18749,0.16492,0.18897,0.16448,0.16794,0.16482,0.16591,0.17154,0.15255,0.13171,0.15309,0.1651,0.15054,0.22325,0.15118,0.15279,0.15291,0.15791,0.15506,0.14699,0.15277,0.15198,0.14926,0.14971,0.15053,0.14182,0.14576,0.14403,0.14325,0.14304,0.15054,0.15404,0.15155,Platemb18,3
0.12023,0.13266,0.1378,0.14807,0.13696,0.1382,0.1376,0.13667,0.1391,0.13719,0.14389,0.14969,0.14185,0.14078,0.13708,0.1327,0.1312,0.13751,0.13205,0.13007,0.13086,0.13262,0.13561,0.13354,0.13647,0.14072,0.14381,0.14463,0.13725,0.13677,0.14076,0.21096,0.13956,0.13831,0.13989,0.13908,0.14193,0.14253,0.13983,0.13529,0.13969,0.14031,0.13239,0.13428,0.13544,0.13762,0.1444,0.14198,0.13835,0.14037,0.14185,0.1445,0.14049,0.14392,0.14472,0.14141,0.13901,0.14621,0.14672,0.14441,0.14387,0.15704,0.14709,0.14096,0.14155,0.13663,0.14005,0.13916,0.14219,0.13811,0.15284,0.1432,0.15043,0.15613,0.14745,0.14242,0.14266,0.14603,0.14161,0.14427,0.13979,0.14467,0.13901,0.14187,0.15121,0.14452,0.15131,0.14308,0.1382,0.13414,0.14728,0.14285,0.14009,0.14656,0.14779,0.14192,0.1497,0.1627,0.14979,0.14344,0.13917,0.14031,0.1508,0.32585,0.14134,0.14272,0.142,0.16278,0.14101,0.15238,0.15697,0.14274,0.14176,0.14489,0.14315,0.14238,0.14931,0.14485,0.15062,0.14591,0.15497,0.15439,0.16031,0.16001,0.14295,0.14501,0.15172,0.14993,0.14398,0.15006,0.14338,0.14979,0.14263,0.15418,0.14827,0.14476,0.1447,0.14311,0.14188,0.14154,0.15246,0.15018,0.15154,0.14611,0.14368,0.15379,0.1695,0.16422,0.15372,0.14883,0.13981,0.13986,0.15042,0.14664,0.14313,0.14691,0.15381,0.15152,0.14554,0.14853,0.1564,0.14581,0.14341,0.15056,0.14811,0.1499,0.15216,0.14811,0.12749,0.16032,0.16354,0.15999,0.1623,0.15196,0.14562,0.14071,0.14345,0.1499,0.14824,0.14945,0.14457,0.14351,0.14758,0.1505,0.15087,0.14287,0.14485,0.15902,0.14791,0.14848,0.1512,0.14724,0.1458,0.15805,0.16684,0.16234,0.16241,0.15552,0.14761,0.14476,0.15327,0.1484,0.14743,0.14454,0.14565,0.15518,0.15119,0.18953,0.1463,0.14897,0.14509,0.1481,0.15237,0.15541,0.15165,0.15135,0.1471,0.16096,0.1609,0.16477,0.17836,0.15641,0.15048,0.14818,0.14849,0.14381,0.14263,0.14191,0.14421,0.19212,0.14337,0.15654,0.14624,0.16712,0.16882,0.14681,0.15125,0.16213,0.15184,0.1475,0.14885,0.16066,0.16336,0.16655,0.16654,0.15837,0.1566,0.16373,0.16012,0.1533,0.1525,0.15355,0.15312,0.1546,0.15467,0.15988,0.15066,0.15596,0.14923,0.14854,0.15246,0.15405,0.15824,0.14406,0.14903,0.16298,0.1633,0.15862,0.17322,0.15967,0.15877,0.15578,0.15734,0.1564,0.15584,0.15156,0.15748,0.16774,0.16487,0.15291,0.15932,0.15522,0.15452,0.17879,0.15423,0.1779,0.15796,0.14452,0.15396,0.1525,0.15787,0.16005,0.15717,0.15995,0.15727,0.15836,0.15567,0.15568,0.15643,0.16102,0.15496,0.16124,0.16848,0.16178,0.16372,0.157,0.16033,0.16405,0.16703,0.16467,0.1649,0.13836,0.15709,0.15306,0.17068,0.16326,0.1564,0.15675,0.15783,0.15303,0.15897,0.16147,0.16042,0.16466,0.16922,0.17035,0.15965,0.16441,0.16245,0.1625,0.1589,0.15928,0.16804,0.17234,0.16648,0.15267,0.15701,0.14745,0.17029,0.15459,0.16228,0.15639,0.15363,0.15574,0.15645,0.16426,0.16637,0.16439,0.1659,0.18864,0.17035,0.19665,0.16889,0.17788,0.1673,0.17018,0.16757,0.16795,0.17653,0.15583,0.13904,0.15854,0.16844,0.15486,0.15796,0.15512,0.15775,0.15747,0.16051,0.15841,0.15255,0.15792,0.15708,0.15245,0.15388,0.15326,0.14603,0.15174,0.14722,0.14743,0.15165,0.15214,0.15668,0.15799,Platemb18,4
0.12474,0.13648,0.14151,0.14931,0.14002,0.14257,0.14026,0.13695,0.14025,0.13762,0.14602,0.14781,0.14451,0.14363,0.14029,0.13568,0.13243,0.13964,0.13432,0.13257,0.13372,0.13588,0.14312,0.14344,0.14036,0.14421,0.1471,0.14817,0.14011,0.1393,0.14405,0.22124,0.14213,0.14145,0.1416,0.14126,0.14483,0.14556,0.14307,0.13814,0.14341,0.14334,0.13444,0.13668,0.13846,0.14132,0.14994,0.15174,0.13923,0.14289,0.14474,0.14675,0.14387,0.14404,0.14686,0.1441,0.14149,0.14882,0.14788,0.14672,0.14525,0.15454,0.1494,0.14408,0.14326,0.13857,0.14284,0.14169,0.14632,0.14114,0.15718,0.15143,0.15394,0.15614,0.14937,0.14422,0.14452,0.15364,0.14407,0.14606,0.14104,0.14625,0.14186,0.1435,0.15715,0.14795,0.15354,0.14341,0.14048,0.13508,0.15049,0.14481,0.1432,0.14975,0.15305,0.14859,0.15322,0.162,0.14901,0.14574,0.14007,0.14246,0.15332,0.36127,0.14316,0.14486,0.14398,0.16709,0.14405,0.1596,0.16032,0.14507,0.14451,0.14783,0.14677,0.14574,0.15453,0.14819,0.15684,0.1534,0.15415,0.15565,0.16267,0.16353,0.1448,0.14896,0.15347,0.1532,0.14518,0.15222,0.14568,0.15216,0.14537,0.15638,0.15123,0.14837,0.14823,0.14734,0.14602,0.14332,0.15434,0.15367,0.15784,0.15359,0.14746,0.15683,0.17714,0.16673,0.15638,0.151,0.14132,0.14146,0.15281,0.14812,0.14445,0.14837,0.15518,0.15424,0.14771,0.15042,0.16063,0.14903,0.14594,0.15255,0.15174,0.15379,0.15817,0.15466,0.13037,0.16114,0.16455,0.16217,0.16389,0.15535,0.14892,0.14303,0.1445,0.15069,0.1572,0.15156,0.14673,0.14489,0.1498,0.15328,0.1537,0.14562,0.14769,0.16911,0.15351,0.15289,0.15605,0.15297,0.14999,0.15921,0.16792,0.16313,0.15924,0.15765,0.15003,0.14676,0.15617,0.14977,0.14982,0.14662,0.14551,0.1581,0.15115,0.20034,0.14809,0.1528,0.14889,0.15514,0.15518,0.15957,0.15637,0.15699,0.15017,0.16208,0.16182,0.16566,0.15645,0.15723,0.15238,0.15008,0.15046,0.146,0.14486,0.14375,0.14501,0.15157,0.14449,0.15875,0.14762,0.171,0.16827,0.14988,0.15483,0.16346,0.15898,0.15384,0.15205,0.16262,0.16447,0.17034,0.1688,0.16166,0.15818,0.16554,0.16557,0.15883,0.15417,0.15583,0.15537,0.15695,0.15657,0.16242,0.15303,0.15888,0.15242,0.15088,0.15598,0.16365,0.1639,0.15182,0.15049,0.16394,0.16479,0.1599,0.19419,0.16136,0.16086,0.15821,0.1597,0.15766,0.15905,0.15289,0.15951,0.1859,0.1668,0.1551,0.16306,0.15857,0.15953,0.16026,0.16184,0.17839,0.16317,0.15006,0.15575,0.15323,0.15831,0.15902,0.15843,0.16268,0.1587,0.16077,0.15564,0.15613,0.15851,0.16343,0.15389,0.16301,0.17074,0.16094,0.16577,0.15995,0.16487,0.16749,0.17261,0.1673,0.17021,0.14433,0.15781,0.15427,0.17526,0.1637,0.15752,0.15815,0.15897,0.15496,0.16008,0.16002,0.16126,0.16526,0.17072,0.17229,0.1616,0.16659,0.16561,0.16517,0.16376,0.16259,0.1708,0.17598,0.17098,0.15977,0.15757,0.15052,0.17236,0.15738,0.16603,0.15906,0.15684,0.15818,0.16186,0.16484,0.1684,0.16624,0.16734,0.19044,0.17274,0.1916,0.17113,0.17383,0.16967,0.17314,0.17121,0.16933,0.18157,0.15919,0.1392,0.1588,0.17539,0.15681,0.16849,0.15613,0.15929,0.15904,0.16151,0.15903,0.15422,0.15957,0.15845,0.15279,0.15639,0.15597,0.14806,0.15128,0.14962,0.14578,0.1485,0.15691,0.16473,0.16346,Platemb18,5
0.12926,0.14144,0.14585,0.15232,0.14421,0.14759,0.14425,0.14089,0.14353,0.14066,0.1511,0.15017,0.14769,0.14592,0.14439,0.13945,0.13736,0.14203,0.13748,0.13507,0.13628,0.13823,0.15206,0.15395,0.14686,0.14871,0.15239,0.15309,0.14366,0.14184,0.14816,0.23944,0.14641,0.14509,0.14402,0.14423,0.14898,0.14991,0.14717,0.14177,0.14668,0.14627,0.13766,0.1398,0.1423,0.14658,0.15745,0.16289,0.14327,0.14647,0.14953,0.15088,0.14851,0.14733,0.15121,0.14863,0.14532,0.15205,0.1525,0.15019,0.15079,0.16097,0.15286,0.1477,0.14681,0.14197,0.14646,0.1446,0.15104,0.14481,0.16546,0.16137,0.15924,0.1573,0.15289,0.14865,0.148,0.16308,0.14819,0.15053,0.14316,0.14979,0.14552,0.15053,0.1639,0.15123,0.1573,0.14656,0.14263,0.13465,0.15204,0.14849,0.14676,0.15411,0.16314,0.15806,0.15836,0.16391,0.15012,0.14991,0.14261,0.14648,0.15751,0.4008,0.14913,0.14923,0.1484,0.1686,0.14782,0.16403,0.16345,0.14757,0.14854,0.15089,0.14948,0.14939,0.15999,0.1515,0.16529,0.16465,0.15707,0.15886,0.16715,0.16791,0.14835,0.15425,0.15776,0.15958,0.14885,0.15658,0.1507,0.15628,0.14897,0.15877,0.15529,0.15136,0.15394,0.15015,0.14881,0.14639,0.1581,0.15705,0.16758,0.16319,0.15288,0.16051,0.18696,0.17141,0.16055,0.15492,0.14527,0.14416,0.15744,0.15181,0.14829,0.15214,0.15901,0.15761,0.15157,0.15373,0.16316,0.15296,0.1503,0.15631,0.15526,0.15675,0.16671,0.16426,0.13513,0.164,0.1695,0.16795,0.16759,0.16058,0.15339,0.14788,0.14899,0.15467,0.15339,0.157,0.14987,0.14822,0.15267,0.15861,0.1575,0.14961,0.14998,0.17388,0.15862,0.15616,0.16369,0.16093,0.15547,0.16365,0.17144,0.16728,0.16464,0.16313,0.15433,0.15037,0.16058,0.15457,0.15485,0.15275,0.14836,0.16312,0.15552,0.16495,0.1516,0.15905,0.15171,0.1619,0.15802,0.16353,0.16281,0.16329,0.15401,0.16593,0.16557,0.16909,0.15847,0.16102,0.1566,0.1537,0.15361,0.14911,0.14939,0.14712,0.14771,0.15547,0.14747,0.16237,0.15008,0.17571,0.17573,0.15295,0.15775,0.16737,0.16641,0.16254,0.15607,0.16744,0.16709,0.17399,0.17345,0.16731,0.16296,0.16959,0.16494,0.16106,0.15819,0.16074,0.15925,0.16189,0.15921,0.16312,0.15655,0.16184,0.15618,0.15284,0.15875,0.153,0.16862,0.15831,0.15465,0.16849,0.16815,0.16471,0.18495,0.16558,0.16333,0.16198,0.16499,0.16069,0.16184,0.15685,0.16353,0.186,0.17006,0.1584,0.16587,0.1613,0.15984,0.16257,0.17084,0.18353,0.17275,0.15613,0.16225,0.15706,0.16133,0.16332,0.16262,0.16661,0.16204,0.16433,0.15767,0.15956,0.16224,0.16425,0.15789,0.16636,0.17439,0.16509,0.16905,0.16239,0.16746,0.17037,0.17206,0.17001,0.1777,0.15306,0.16279,0.15839,0.1851,0.16942,0.16006,0.16173,0.1625,0.15873,0.16307,0.16067,0.16439,0.16999,0.17312,0.17619,0.16488,0.17034,0.16874,0.16903,0.16876,0.16544,0.17233,0.1776,0.1795,0.16619,0.16208,0.1533,0.17684,0.16159,0.17026,0.16279,0.1615,0.16142,0.16323,0.16943,0.17337,0.1691,0.17055,0.19087,0.17588,0.20111,0.17474,0.1891,0.1726,0.17329,0.17246,0.17147,0.1866,0.16578,0.14481,0.16293,0.17597,0.16014,0.18296,0.15945,0.16347,0.16554,0.1638,0.16168,0.15617,0.16199,0.16091,0.15551,0.15899,0.15878,0.15074,0.15297,0.15128,0.14841,0.1499,0.15849,0.17134,0.17055,Platemb18,6
0.13411,0.14557,0.14819,0.15363,0.14802,0.1528,0.14746,0.14332,0.14526,0.14318,0.15601,0.15323,0.15269,0.151,0.14937,0.14416,0.14023,0.14428,0.14076,0.13792,0.1398,0.14087,0.16429,0.16213,0.14821,0.15244,0.15625,0.15526,0.1462,0.14374,0.15131,0.14326,0.14943,0.14839,0.14763,0.1464,0.15202,0.15406,0.15053,0.14531,0.1495,0.14904,0.13943,0.14165,0.14501,0.14705,0.168,0.17437,0.14698,0.15001,0.15303,0.15359,0.15172,0.14849,0.15332,0.15055,0.14791,0.1549,0.15504,0.15268,0.15397,0.17119,0.15568,0.15024,0.1509,0.14449,0.15005,0.14778,0.15486,0.14742,0.17546,0.17319,0.16217,0.15712,0.15541,0.1511,0.15497,0.17924,0.15031,0.15303,0.14421,0.15305,0.14816,0.14953,0.17184,0.15414,0.16148,0.14966,0.14449,0.13466,0.1545,0.15175,0.14946,0.15661,0.1739,0.16791,0.16036,0.16497,0.1502,0.15309,0.1437,0.1492,0.16125,0.43664,0.15109,0.15183,0.15153,0.1723,0.15071,0.16179,0.16693,0.15058,0.15241,0.15391,0.15292,0.1534,0.16467,0.15407,0.17566,0.1746,0.15708,0.16185,0.17002,0.16955,0.15106,0.15344,0.16169,0.16407,0.15153,0.159,0.15451,0.1597,0.15167,0.16215,0.15755,0.15439,0.15879,0.15296,0.15184,0.14864,0.16109,0.15966,0.18042,0.17298,0.15613,0.1641,0.19444,0.17512,0.1642,0.15715,0.14864,0.14636,0.16092,0.15272,0.15116,0.15552,0.16157,0.16057,0.1553,0.15684,0.16587,0.15635,0.1539,0.15838,0.15828,0.15929,0.17885,0.17527,0.13953,0.16708,0.17268,0.17929,0.17062,0.16502,0.1576,0.15227,0.15171,0.15779,0.1562,0.16044,0.15217,0.15002,0.15609,0.16198,0.16059,0.15176,0.15276,0.18898,0.16399,0.16037,0.1738,0.17129,0.15894,0.1667,0.1753,0.1715,0.16937,0.16709,0.15761,0.15314,0.16365,0.1578,0.15671,0.15489,0.15385,0.16566,0.15934,0.16467,0.15506,0.16569,0.15581,0.16844,0.16122,0.16689,0.17484,0.17185,0.15716,0.16898,0.16873,0.17242,0.16053,0.16286,0.15995,0.15588,0.15615,0.15248,0.15353,0.15226,0.15136,0.15806,0.14956,0.16499,0.15304,0.17767,0.18106,0.15587,0.16093,0.16876,0.17922,0.17198,0.15996,0.1714,0.17024,0.17495,0.1774,0.1729,0.16604,0.17215,0.16839,0.16579,0.16142,0.16357,0.16242,0.16619,0.16314,0.1693,0.15774,0.1673,0.15928,0.15495,0.16222,0.15576,0.18361,0.16866,0.15829,0.17196,0.17185,0.16748,0.17188,0.1687,0.1669,0.1659,0.16764,0.16252,0.16491,0.15929,0.16616,0.17875,0.17269,0.16201,0.1691,0.16474,0.16316,0.16693,0.17772,0.19134,0.18648,0.16693,0.16286,0.16155,0.16422,0.1662,0.16647,0.17121,0.1655,0.16767,0.15973,0.16209,0.16502,0.16542,0.1574,0.16911,0.17817,0.16855,0.17275,0.16658,0.17091,0.17394,0.17667,0.17389,0.19055,0.16563,0.16682,0.16238,0.20173,0.17436,0.16237,0.16589,0.16605,0.16223,0.16534,0.16113,0.16562,0.17576,0.17408,0.17858,0.16805,0.175,0.17227,0.17191,0.17428,0.16955,0.17587,0.18189,0.18995,0.17905,0.166,0.15802,0.18042,0.16595,0.17492,0.1676,0.16346,0.16506,0.16534,0.17056,0.17304,0.17141,0.17248,0.19643,0.17866,0.20716,0.17715,0.17864,0.17532,0.17809,0.17695,0.17416,0.19729,0.17787,0.15,0.16802,0.17661,0.16458,0.16347,0.16253,0.1714,0.17,0.16623,0.16362,0.16002,0.16514,0.1631,0.15753,0.16067,0.16203,0.15374,0.15617,0.15457,0.15047,0.15181,0.16157,0.18248,0.18261,Platemb18,7
0.13944,0.15195,0.15093,0.15578,0.15406,0.15951,0.1528,0.14675,0.14845,0.14633,0.16185,0.15686,0.15927,0.15552,0.15472,0.14921,0.14391,0.14705,0.14471,0.14094,0.14361,0.14437,0.18291,0.18183,0.15381,0.15763,0.16342,0.16175,0.15159,0.14834,0.15719,0.14534,0.15458,0.15334,0.15293,0.15075,0.15707,0.1577,0.15502,0.14952,0.15393,0.15316,0.14301,0.14504,0.14929,0.15091,0.18366,0.19396,0.14913,0.15438,0.15854,0.1586,0.1574,0.15135,0.15749,0.15531,0.15176,0.15861,0.15903,0.15563,0.1585,0.17767,0.16008,0.15464,0.15411,0.14797,0.1537,0.15087,0.1577,0.15143,0.19133,0.19273,0.16663,0.16033,0.16032,0.15585,0.15108,0.18394,0.15516,0.158,0.14655,0.16052,0.15316,0.15356,0.18046,0.15974,0.16916,0.15331,0.14637,0.13428,0.15863,0.15566,0.15366,0.16155,0.18988,0.18592,0.16531,0.16475,0.15122,0.15732,0.14765,0.15305,0.16617,0.47118,0.15511,0.15598,0.15595,0.17939,0.15476,0.16995,0.17095,0.15315,0.15671,0.15755,0.1571,0.15833,0.17224,0.15673,0.19214,0.19704,0.15998,0.16567,0.17517,0.17364,0.15591,0.15746,0.16713,0.16988,0.1552,0.16355,0.16085,0.16398,0.1554,0.16693,0.16206,0.15851,0.16606,0.15737,0.15584,0.15267,0.16455,0.17367,0.19735,0.19056,0.16222,0.16944,0.2051,0.18042,0.16833,0.16052,0.1527,0.14882,0.16489,0.15745,0.15564,0.15942,0.16546,0.16386,0.15975,0.16091,0.1693,0.1611,0.15661,0.16248,0.16318,0.16407,0.19747,0.1941,0.144,0.17041,0.1776,0.17594,0.17437,0.17113,0.16407,0.15972,0.15607,0.16331,0.16076,0.16697,0.15604,0.15333,0.1594,0.16862,0.16531,0.15665,0.15792,0.21391,0.17102,0.16754,0.19163,0.18837,0.16476,0.17117,0.17989,0.17447,0.17621,0.17315,0.16274,0.15653,0.16856,0.16285,0.16193,0.16049,0.14991,0.17067,0.1629,0.16897,0.16014,0.1742,0.1602,0.17765,0.16572,0.17261,0.19014,0.18671,0.16108,0.17285,0.17317,0.17637,0.16276,0.16667,0.16403,0.16063,0.16089,0.15661,0.15795,0.15628,0.154,0.16222,0.15374,0.16934,0.15518,0.18288,0.18313,0.15973,0.16555,0.17463,0.19566,0.18899,0.16419,0.17547,0.17341,0.17878,0.18271,0.1789,0.17118,0.17715,0.1725,0.17357,0.16532,0.16766,0.16687,0.17165,0.16339,0.17113,0.16219,0.17238,0.16372,0.15709,0.16675,0.15943,0.19892,0.18337,0.16222,0.17542,0.17578,0.17054,0.17781,0.17298,0.17064,0.17076,0.17236,0.16626,0.16989,0.1636,0.17083,0.19691,0.17672,0.16649,0.17248,0.16908,0.16752,0.17052,0.16229,0.19727,0.20469,0.18179,0.16859,0.16452,0.16713,0.16759,0.16971,0.17513,0.16967,0.1723,0.16235,0.16558,0.16911,0.16921,0.16003,0.17309,0.18237,0.17303,0.17652,0.16999,0.17337,0.1786,0.18007,0.17683,0.20673,0.1814,0.17039,0.1658,0.22673,0.17333,0.16415,0.16841,0.16876,0.16537,0.16921,0.16302,0.17042,0.17551,0.1778,0.18228,0.17198,0.18147,0.17577,0.17669,0.18135,0.17421,0.1796,0.18656,0.20547,0.19232,0.1688,0.16057,0.18448,0.16781,0.17952,0.17124,0.16986,0.16899,0.17146,0.17485,0.17755,0.17473,0.17608,0.1969,0.18226,0.21351,0.1822,0.18631,0.17959,0.18179,0.18049,0.17703,0.21291,0.19365,0.15204,0.17073,0.17937,0.1681,0.16484,0.16499,0.17803,0.17593,0.16851,0.166,0.16081,0.16803,0.16578,0.16018,0.16494,0.16512,0.15722,0.15982,0.15693,0.1515,0.15542,0.16368,0.19519,0.20008,Platemb18,8
0.14588,0.15713,0.15594,0.15931,0.15778,0.16419,0.15497,0.1502,0.15044,0.14832,0.16606,0.16191,0.16292,0.15922,0.15995,0.15397,0.14738,0.14878,0.14963,0.14476,0.14836,0.14762,0.20895,0.20751,0.15671,0.1629,0.17014,0.16537,0.15562,0.15205,0.16297,0.14626,0.15946,0.15786,0.15817,0.15327,0.16309,0.16259,0.15991,0.15438,0.15792,0.15696,0.14594,0.14944,0.15351,0.15375,0.20448,0.21825,0.15476,0.15937,0.16392,0.16343,0.1632,0.15502,0.16243,0.15981,0.15673,0.16363,0.16387,0.16082,0.16433,0.17228,0.16505,0.15957,0.15948,0.15234,0.15815,0.15514,0.15828,0.15524,0.21126,0.21683,0.17118,0.16385,0.16498,0.16096,0.15425,0.16862,0.15943,0.16326,0.14928,0.17027,0.15767,0.15845,0.19218,0.16467,0.17983,0.15902,0.1499,0.13557,0.16447,0.16047,0.15842,0.16654,0.21307,0.20714,0.17093,0.16967,0.14901,0.1623,0.15215,0.15798,0.17144,0.18097,0.15966,0.1608,0.16108,0.18002,0.15928,0.17496,0.17667,0.15694,0.16265,0.16233,0.16225,0.1641,0.17865,0.1588,0.21344,0.22415,0.1629,0.17002,0.18015,0.17936,0.15201,0.16322,0.1726,0.17714,0.15926,0.1686,0.16743,0.16873,0.15938,0.17029,0.16701,0.16337,0.17443,0.162,0.16012,0.1566,0.16846,0.16821,0.22135,0.2135,0.16793,0.17477,0.2132,0.18619,0.17372,0.16431,0.1576,0.15237,0.17058,0.15888,0.16035,0.1648,0.1702,0.1705,0.16468,0.16566,0.17442,0.16658,0.16127,0.16586,0.16696,0.16746,0.22202,0.21672,0.14859,0.17559,0.18347,0.17988,0.17964,0.17814,0.16931,0.16725,0.16104,0.16857,0.16631,0.17202,0.15935,0.15661,0.1645,0.1732,0.17078,0.1602,0.16138,0.20792,0.17204,0.17299,0.21323,0.20802,0.17029,0.17661,0.18619,0.18066,0.18278,0.18053,0.16761,0.1602,0.17437,0.16921,0.16575,0.16564,0.15319,0.17561,0.16791,0.17748,0.16496,0.18243,0.16518,0.18137,0.16901,0.17692,0.21172,0.2048,0.16521,0.17755,0.17728,0.18107,0.16597,0.17096,0.16853,0.16443,0.16497,0.16117,0.16326,0.16152,0.15763,0.16907,0.15793,0.17371,0.15846,0.19017,0.18775,0.16303,0.16949,0.17612,0.22005,0.20843,0.16815,0.18109,0.17822,0.18449,0.18867,0.18298,0.17581,0.18113,0.17819,0.18236,0.1705,0.17347,0.17198,0.17804,0.17169,0.17599,0.16533,0.1803,0.16746,0.16012,0.17119,0.16295,0.22165,0.20248,0.16667,0.1809,0.1811,0.17621,0.18261,0.17762,0.17547,0.17522,0.17786,0.16916,0.17359,0.16859,0.17551,0.18294,0.18136,0.17121,0.17612,0.1736,0.17191,0.19176,0.16879,0.20333,0.23071,0.20056,0.17177,0.17041,0.17172,0.17109,0.17492,0.18094,0.17372,0.17687,0.16557,0.16885,0.17367,0.17489,0.16285,0.17784,0.18753,0.17783,0.1809,0.17445,0.17827,0.18302,0.18444,0.18116,0.23095,0.20387,0.17497,0.17045,0.26726,0.17917,0.16748,0.17264,0.1722,0.16915,0.17317,0.16491,0.17247,0.17756,0.18143,0.18631,0.17607,0.1875,0.17884,0.18167,0.189,0.17744,0.18387,0.18922,0.22554,0.2096,0.17159,0.16702,0.19014,0.17205,0.1849,0.17652,0.1716,0.17304,0.17278,0.17737,0.17985,0.17803,0.18201,0.20408,0.18612,0.21544,0.18598,0.20489,0.18275,0.18571,0.18499,0.18045,0.23187,0.21383,0.15487,0.1757,0.18038,0.17167,0.16711,0.16726,0.17872,0.17788,0.17139,0.16749,0.16578,0.17163,0.16975,0.16336,0.1678,0.16962,0.16013,0.16417,0.16044,0.1577,0.15974,0.16813,0.21654,0.21988,Platemb18,9
